시설아이디,생육주사,조사일자,표본번호,조사항목,단위,조사항목값
D농가,4,20231018,1,초장,mm,148.0
D농가,4,20231018,1,엽장,mm,59.0
D농가,4,20231018,1,엽폭,mm,54.0
D농가,4,20231018,1,엽병장,mm,62.0
D농가,4,20231018,1,엽수,개,4.0
D농가,4,20231018,1,관부직경,mm,11.76
D농가,4,20231018,1,화방 꽃수(소화수),개,0.0
D농가,4,20231018,1,착과수,개,0.0
D농가,4,20231018,1,최종화방차수,차,0.0
D농가,4,20231018,2,초장,mm,199.0
D농가,4,20231018,2,엽장,mm,70.0
D농가,4,20231018,2,엽폭,mm,58.0
D농가,4,20231018,2,엽병장,mm,53.0
D농가,4,20231018,2,엽수,개,5.0
D농가,4,20231018,2,관부직경,mm,14.15
D농가,4,20231018,2,화방 꽃수(소화수),개,0.0
D농가,4,20231018,2,착과수,개,0.0
D농가,4,20231018,2,최종화방차수,차,0.0
D농가,4,20231018,3,초장,mm,117.0
D농가,4,20231018,3,엽장,mm,73.0
D농가,4,20231018,3,엽폭,mm,63.0
D농가,4,20231018,3,엽병장,mm,25.4
D농가,4,20231018,3,엽수,개,4.0
D농가,4,20231018,3,관부직경,mm,14.49
D농가,4,20231018,3,화방 꽃수(소화수),개,0.0
D농가,4,20231018,3,착과수,개,0.0
D농가,4,20231018,3,최종화방차수,차,0.0
D농가,4,20231018,4,초장,mm,117.0
D농가,4,20231018,4,엽장,mm,71.0
D농가,4,20231018,4,엽폭,mm,52.0
D농가,4,20231018,4,엽병장,mm,42.0
D농가,4,20231018,4,엽수,개,4.0
D농가,4,20231018,4,관부직경,mm,11.61
D농가,4,20231018,4,화방 꽃수(소화수),개,0.0
D농가,4,20231018,4,착과수,개,0.0
D농가,4,20231018,4,최종화방차수,차,0.0
D농가,4,20231018,5,초장,mm,231.0
D농가,4,20231018,5,엽장,mm,70.0
D농가,4,20231018,5,엽폭,mm,62.0
D농가,4,20231018,5,엽병장,mm,32.0
D농가,4,20231018,5,엽수,개,4.0
D농가,4,20231018,5,관부직경,mm,13.19
D농가,4,20231018,5,화방 꽃수(소화수),개,0.0
D농가,4,20231018,5,착과수,개,0.0
D농가,4,20231018,5,최종화방차수,차,0.0
D농가,4,20231018,6,초장,mm,171.0
D농가,4,20231018,6,엽장,mm,80.0
D농가,4,20231018,6,엽폭,mm,59.0
D농가,4,20231018,6,엽병장,mm,81.0
D농가,4,20231018,6,엽수,개,4.0
D농가,4,20231018,6,관부직경,mm,13.74
D농가,4,20231018,6,화방 꽃수(소화수),개,0.0
D농가,4,20231018,6,착과수,개,0.0
D농가,4,20231018,6,최종화방차수,차,0.0
D농가,4,20231018,7,초장,mm,163.0
D농가,4,20231018,7,엽장,mm,64.0
D농가,4,20231018,7,엽폭,mm,59.0
D농가,4,20231018,7,엽병장,mm,66.0
D농가,4,20231018,7,엽수,개,4.0
D농가,4,20231018,7,관부직경,mm,14.61
D농가,4,20231018,7,화방 꽃수(소화수),개,0.0
D농가,4,20231018,7,착과수,개,0.0
D농가,4,20231018,7,최종화방차수,차,0.0
D농가,4,20231018,8,초장,mm,212.0
D농가,4,20231018,8,엽장,mm,71.0
D농가,4,20231018,8,엽폭,mm,56.0
D농가,4,20231018,8,엽병장,mm,61.0
D농가,4,20231018,8,엽수,개,5.0
D농가,4,20231018,8,관부직경,mm,13.48
D농가,4,20231018,8,화방 꽃수(소화수),개,0.0
D농가,4,20231018,8,착과수,개,0.0
D농가,4,20231018,8,최종화방차수,차,0.0
D농가,4,20231018,9,초장,mm,120.0
D농가,4,20231018,9,엽장,mm,55.0
D농가,4,20231018,9,엽폭,mm,44.0
D농가,4,20231018,9,엽병장,mm,45.0
D농가,4,20231018,9,엽수,개,4.0
D농가,4,20231018,9,관부직경,mm,12.35
D농가,4,20231018,9,화방 꽃수(소화수),개,0.0
D농가,4,20231018,9,착과수,개,0.0
D농가,4,20231018,9,최종화방차수,차,0.0
D농가,5,20231027,1,초장,mm,164.0
D농가,5,20231027,1,엽장,mm,93.0
D농가,5,20231027,1,엽폭,mm,82.0
D농가,5,20231027,1,엽병장,mm,56.0
D농가,5,20231027,1,엽수,개,4.0
D농가,5,20231027,1,관부직경,mm,16.34
D농가,5,20231027,1,화방 꽃수(소화수),개,0.0
D농가,5,20231027,1,착과수,개,0.0
D농가,5,20231027,1,최종화방차수,차,0.0
D농가,5,20231027,2,초장,mm,143.0
D농가,5,20231027,2,엽장,mm,86.0
D농가,5,20231027,2,엽폭,mm,74.0
D농가,5,20231027,2,엽병장,mm,51.0
D농가,5,20231027,2,엽수,개,4.0
D농가,5,20231027,2,관부직경,mm,19.25
D농가,5,20231027,2,화방 꽃수(소화수),개,0.0
D농가,5,20231027,2,착과수,개,0.0
D농가,5,20231027,2,최종화방차수,차,0.0
D농가,5,20231027,3,초장,mm,129.0
D농가,5,20231027,3,엽장,mm,82.0
D농가,5,20231027,3,엽폭,mm,72.0
D농가,5,20231027,3,엽병장,mm,42.0
D농가,5,20231027,3,엽수,개,5.0
D농가,5,20231027,3,관부직경,mm,16.33
D농가,5,20231027,3,화방 꽃수(소화수),개,0.0
D농가,5,20231027,3,착과수,개,0.0
D농가,5,20231027,3,최종화방차수,차,0.0
D농가,5,20231027,5,초장,mm,241.0
D농가,5,20231027,5,엽장,mm,92.0
D농가,5,20231027,5,엽폭,mm,70.0
D농가,5,20231027,5,엽병장,mm,62.0
D농가,5,20231027,5,엽수,개,5.0
D농가,5,20231027,5,관부직경,mm,17.67
D농가,5,20231027,5,화방 꽃수(소화수),개,0.0
D농가,5,20231027,5,착과수,개,0.0
D농가,5,20231027,5,최종화방차수,차,0.0
D농가,5,20231027,6,초장,mm,161.0
D농가,5,20231027,6,엽장,mm,94.0
D농가,5,20231027,6,엽폭,mm,84.0
D농가,5,20231027,6,엽병장,mm,57.0
D농가,5,20231027,6,엽수,개,3.0
D농가,5,20231027,6,관부직경,mm,15.27
D농가,5,20231027,6,화방 꽃수(소화수),개,0.0
D농가,5,20231027,6,착과수,개,0.0
D농가,5,20231027,6,최종화방차수,차,0.0
D농가,5,20231027,7,초장,mm,153.0
D농가,5,20231027,7,엽장,mm,90.0
D농가,5,20231027,7,엽폭,mm,75.0
D농가,5,20231027,7,엽병장,mm,53.0
D농가,5,20231027,7,엽수,개,3.0
D농가,5,20231027,7,관부직경,mm,15.21
D농가,5,20231027,7,화방 꽃수(소화수),개,0.0
D농가,5,20231027,7,착과수,개,0.0
D농가,5,20231027,7,최종화방차수,차,0.0
D농가,5,20231027,8,초장,mm,151.0
D농가,5,20231027,8,엽장,mm,86.0
D농가,5,20231027,8,엽폭,mm,78.0
D농가,5,20231027,8,엽병장,mm,39.0
D농가,5,20231027,8,엽수,개,4.0
D농가,5,20231027,8,관부직경,mm,20.58
D농가,5,20231027,8,화방 꽃수(소화수),개,0.0
D농가,5,20231027,8,착과수,개,0.0
D농가,5,20231027,8,최종화방차수,차,0.0
D농가,5,20231027,9,초장,mm,152.0
D농가,5,20231027,9,엽장,mm,81.0
D농가,5,20231027,9,엽폭,mm,85.0
D농가,5,20231027,9,엽병장,mm,65.0
D농가,5,20231027,9,엽수,개,3.0
D농가,5,20231027,9,관부직경,mm,16.69
D농가,5,20231027,9,화방 꽃수(소화수),개,0.0
D농가,5,20231027,9,착과수,개,0.0
D농가,5,20231027,9,최종화방차수,차,0.0
D농가,5,20231027,4,초장,mm,295.0
D농가,5,20231027,4,엽장,mm,96.0
D농가,5,20231027,4,엽폭,mm,85.0
D농가,5,20231027,4,엽병장,mm,103.0
D농가,5,20231027,4,엽수,개,5.0
D농가,5,20231027,4,관부직경,mm,21.61
D농가,5,20231027,4,화방 꽃수(소화수),개,0.0
D농가,5,20231027,4,착과수,개,0.0
D농가,5,20231027,4,최종화방차수,차,0.0
D농가,6,20231103,1,초장,mm,164.0
D농가,6,20231103,1,엽장,mm,93.0
D농가,6,20231103,1,엽폭,mm,87.0
D농가,6,20231103,1,엽병장,mm,61.0
D농가,6,20231103,1,엽수,개,5.0
D농가,6,20231103,1,관부직경,mm,18.06
D농가,6,20231103,1,화방 꽃수(소화수),개,1.0
D농가,6,20231103,1,착과수,개,0.0
D농가,6,20231103,1,최종화방차수,차,1.0
D농가,6,20231103,2,초장,mm,171.0
D농가,6,20231103,2,엽장,mm,97.0
D농가,6,20231103,2,엽폭,mm,83.0
D농가,6,20231103,2,엽병장,mm,74.0
D농가,6,20231103,2,엽수,개,6.0
D농가,6,20231103,2,관부직경,mm,20.58
D농가,6,20231103,2,화방 꽃수(소화수),개,0.0
D농가,6,20231103,2,착과수,개,0.0
D농가,6,20231103,2,최종화방차수,차,1.0
D농가,6,20231103,3,초장,mm,160.0
D농가,6,20231103,3,엽장,mm,87.0
D농가,6,20231103,3,엽폭,mm,81.0
D농가,6,20231103,3,엽병장,mm,49.0
D농가,6,20231103,3,엽수,개,6.0
D농가,6,20231103,3,관부직경,mm,18.32
D농가,6,20231103,3,화방 꽃수(소화수),개,0.0
D농가,6,20231103,3,착과수,개,0.0
D농가,6,20231103,3,최종화방차수,차,1.0
D농가,6,20231103,4,초장,mm,160.0
D농가,6,20231103,4,엽장,mm,81.0
D농가,6,20231103,4,엽폭,mm,80.0
D농가,6,20231103,4,엽병장,mm,70.0
D농가,6,20231103,4,엽수,개,5.0
D농가,6,20231103,4,관부직경,mm,17.27
D농가,6,20231103,4,화방 꽃수(소화수),개,1.0
D농가,6,20231103,4,착과수,개,1.0
D농가,6,20231103,4,최종화방차수,차,1.0
D농가,6,20231103,5,초장,mm,242.0
D농가,6,20231103,5,엽장,mm,97.0
D농가,6,20231103,5,엽폭,mm,80.0
D농가,6,20231103,5,엽병장,mm,82.0
D농가,6,20231103,5,엽수,개,5.0
D농가,6,20231103,5,관부직경,mm,20.46
D농가,6,20231103,5,화방 꽃수(소화수),개,0.0
D농가,6,20231103,5,착과수,개,0.0
D농가,6,20231103,5,최종화방차수,차,0.0
D농가,6,20231103,6,초장,mm,181.0
D농가,6,20231103,6,엽장,mm,93.0
D농가,6,20231103,6,엽폭,mm,88.0
D농가,6,20231103,6,엽병장,mm,71.0
D농가,6,20231103,6,엽수,개,4.0
D농가,6,20231103,6,관부직경,mm,17.91
D농가,6,20231103,6,화방 꽃수(소화수),개,0.0
D농가,6,20231103,6,착과수,개,0.0
D농가,6,20231103,6,최종화방차수,차,0.0
D농가,6,20231103,7,초장,mm,164.0
D농가,6,20231103,7,엽장,mm,84.0
D농가,6,20231103,7,엽폭,mm,89.0
D농가,6,20231103,7,엽병장,mm,65.0
D농가,6,20231103,7,엽수,개,4.0
D농가,6,20231103,7,관부직경,mm,17.98
D농가,6,20231103,7,화방 꽃수(소화수),개,0.0
D농가,6,20231103,7,착과수,개,0.0
D농가,6,20231103,7,최종화방차수,차,0.0
D농가,6,20231103,8,초장,mm,171.0
D농가,6,20231103,8,엽장,mm,93.0
D농가,6,20231103,8,엽폭,mm,87.0
D농가,6,20231103,8,엽병장,mm,66.0
D농가,6,20231103,8,엽수,개,5.0
D농가,6,20231103,8,관부직경,mm,22.52
D농가,6,20231103,8,화방 꽃수(소화수),개,0.0
D농가,6,20231103,8,착과수,개,0.0
D농가,6,20231103,8,최종화방차수,차,0.0
D농가,6,20231103,9,초장,mm,169.0
D농가,6,20231103,9,엽장,mm,86.0
D농가,6,20231103,9,엽폭,mm,91.0
D농가,6,20231103,9,엽병장,mm,70.0
D농가,6,20231103,9,엽수,개,4.0
D농가,6,20231103,9,관부직경,mm,18.07
D농가,6,20231103,9,화방 꽃수(소화수),개,0.0
D농가,6,20231103,9,착과수,개,0.0
D농가,6,20231103,9,최종화방차수,차,0.0
D농가,7,20231110,1,초장,mm,230.0
D농가,7,20231110,1,엽장,mm,95.0
D농가,7,20231110,1,엽폭,mm,83.0
D농가,7,20231110,1,엽병장,mm,78.0
D농가,7,20231110,1,엽수,개,6.0
D농가,7,20231110,1,관부직경,mm,24.96
D농가,7,20231110,1,화방 꽃수(소화수),개,3.0
D농가,7,20231110,1,착과수,개,3.0
D농가,7,20231110,1,최종화방차수,차,1.0
D농가,7,20231110,2,초장,mm,230.0
D농가,7,20231110,2,엽장,mm,93.0
D농가,7,20231110,2,엽폭,mm,90.0
D농가,7,20231110,2,엽병장,mm,120.0
D농가,7,20231110,2,엽수,개,7.0
D농가,7,20231110,2,관부직경,mm,28.3
D농가,7,20231110,2,화방 꽃수(소화수),개,2.0
D농가,7,20231110,2,착과수,개,3.0
D농가,7,20231110,2,최종화방차수,차,1.0
D농가,7,20231110,3,초장,mm,221.0
D농가,7,20231110,3,엽장,mm,93.0
D농가,7,20231110,3,엽폭,mm,81.0
D농가,7,20231110,3,엽병장,mm,61.0
D농가,7,20231110,3,엽수,개,6.0
D농가,7,20231110,3,관부직경,mm,18.77
D농가,7,20231110,3,화방 꽃수(소화수),개,4.0
D농가,7,20231110,3,착과수,개,4.0
D농가,7,20231110,3,최종화방차수,차,1.0
D농가,7,20231110,4,초장,mm,251.0
D농가,7,20231110,4,엽장,mm,104.0
D농가,7,20231110,4,엽폭,mm,97.0
D농가,7,20231110,4,엽병장,mm,90.0
D농가,7,20231110,4,엽수,개,6.0
D농가,7,20231110,4,관부직경,mm,19.88
D농가,7,20231110,4,화방 꽃수(소화수),개,3.0
D농가,7,20231110,4,착과수,개,5.0
D농가,7,20231110,4,최종화방차수,차,1.0
D농가,7,20231110,5,초장,mm,233.0
D농가,7,20231110,5,엽장,mm,103.0
D농가,7,20231110,5,엽폭,mm,92.0
D농가,7,20231110,5,엽병장,mm,105.0
D농가,7,20231110,5,엽수,개,6.0
D농가,7,20231110,5,관부직경,mm,26.48
D농가,7,20231110,5,화방 꽃수(소화수),개,1.0
D농가,7,20231110,5,착과수,개,0.0
D농가,7,20231110,5,최종화방차수,차,1.0
D농가,7,20231110,6,초장,mm,223.0
D농가,7,20231110,6,엽장,mm,111.0
D농가,7,20231110,6,엽폭,mm,80.0
D농가,7,20231110,6,엽병장,mm,82.0
D농가,7,20231110,6,엽수,개,6.0
D농가,7,20231110,6,관부직경,mm,19.7
D농가,7,20231110,6,화방 꽃수(소화수),개,3.0
D농가,7,20231110,6,착과수,개,3.0
D농가,7,20231110,6,최종화방차수,차,1.0
D농가,7,20231110,7,초장,mm,187.0
D농가,7,20231110,7,엽장,mm,87.0
D농가,7,20231110,7,엽폭,mm,90.0
D농가,7,20231110,7,엽병장,mm,58.0
D농가,7,20231110,7,엽수,개,5.0
D농가,7,20231110,7,관부직경,mm,18.97
D농가,7,20231110,7,화방 꽃수(소화수),개,3.0
D농가,7,20231110,7,착과수,개,2.0
D농가,7,20231110,7,최종화방차수,차,1.0
D농가,7,20231110,8,초장,mm,221.0
D농가,7,20231110,8,엽장,mm,112.0
D농가,7,20231110,8,엽폭,mm,90.0
D농가,7,20231110,8,엽병장,mm,98.0
D농가,7,20231110,8,엽수,개,6.0
D농가,7,20231110,8,관부직경,mm,23.9
D농가,7,20231110,8,화방 꽃수(소화수),개,3.0
D농가,7,20231110,8,착과수,개,2.0
D농가,7,20231110,8,최종화방차수,차,1.0
D농가,7,20231110,9,초장,mm,257.0
D농가,7,20231110,9,엽장,mm,95.0
D농가,7,20231110,9,엽폭,mm,91.0
D농가,7,20231110,9,엽병장,mm,70.0
D농가,7,20231110,9,엽수,개,5.0
D농가,7,20231110,9,관부직경,mm,21.16
D농가,7,20231110,9,화방 꽃수(소화수),개,1.0
D농가,7,20231110,9,착과수,개,3.0
D농가,7,20231110,9,최종화방차수,차,1.0
D농가,8,20231117,1,초장,mm,262.0
D농가,8,20231117,1,엽장,mm,113.0
D농가,8,20231117,1,엽폭,mm,102.0
D농가,8,20231117,1,엽병장,mm,117.0
D농가,8,20231117,1,엽수,개,6.0
D농가,8,20231117,1,관부직경,mm,25.34
D농가,8,20231117,1,화방 꽃수(소화수),개,3.0
D농가,8,20231117,1,착과수,개,6.0
D농가,8,20231117,1,최종화방차수,차,1.0
D농가,8,20231117,2,초장,mm,271.0
D농가,8,20231117,2,엽장,mm,109.0
D농가,8,20231117,2,엽폭,mm,88.0
D농가,8,20231117,2,엽병장,mm,143.0
D농가,8,20231117,2,엽수,개,7.0
D농가,8,20231117,2,관부직경,mm,25.06
D농가,8,20231117,2,화방 꽃수(소화수),개,2.0
D농가,8,20231117,2,착과수,개,4.0
D농가,8,20231117,2,최종화방차수,차,1.0
D농가,8,20231117,3,초장,mm,248.0
D농가,8,20231117,3,엽장,mm,103.0
D농가,8,20231117,3,엽폭,mm,81.0
D농가,8,20231117,3,엽병장,mm,128.0
D농가,8,20231117,3,엽수,개,6.0
D농가,8,20231117,3,관부직경,mm,19.51
D농가,8,20231117,3,화방 꽃수(소화수),개,3.0
D농가,8,20231117,3,착과수,개,9.0
D농가,8,20231117,3,최종화방차수,차,1.0
D농가,8,20231117,4,초장,mm,262.0
D농가,8,20231117,4,엽장,mm,112.0
D농가,8,20231117,4,엽폭,mm,84.0
D농가,8,20231117,4,엽병장,mm,128.0
D농가,8,20231117,4,엽수,개,6.0
D농가,8,20231117,4,관부직경,mm,18.44
D농가,8,20231117,4,화방 꽃수(소화수),개,3.0
D농가,8,20231117,4,착과수,개,9.0
D농가,8,20231117,4,최종화방차수,차,1.0
D농가,8,20231117,5,초장,mm,252.0
D농가,8,20231117,5,엽장,mm,112.0
D농가,8,20231117,5,엽폭,mm,91.0
D농가,8,20231117,5,엽병장,mm,133.0
D농가,8,20231117,5,엽수,개,6.0
D농가,8,20231117,5,관부직경,mm,22.71
D농가,8,20231117,5,화방 꽃수(소화수),개,0.0
D농가,8,20231117,5,착과수,개,2.0
D농가,8,20231117,5,최종화방차수,차,1.0
D농가,8,20231117,6,초장,mm,237.0
D농가,8,20231117,6,엽장,mm,104.0
D농가,8,20231117,6,엽폭,mm,92.0
D농가,8,20231117,6,엽병장,mm,148.0
D농가,8,20231117,6,엽수,개,6.0
D농가,8,20231117,6,관부직경,mm,20.33
D농가,8,20231117,6,화방 꽃수(소화수),개,2.0
D농가,8,20231117,6,착과수,개,6.0
D농가,8,20231117,6,최종화방차수,차,1.0
D농가,8,20231117,7,초장,mm,226.0
D농가,8,20231117,7,엽장,mm,104.0
D농가,8,20231117,7,엽폭,mm,96.0
D농가,8,20231117,7,엽병장,mm,93.0
D농가,8,20231117,7,엽수,개,6.0
D농가,8,20231117,7,관부직경,mm,22.2
D농가,8,20231117,7,화방 꽃수(소화수),개,3.0
D농가,8,20231117,7,착과수,개,6.0
D농가,8,20231117,7,최종화방차수,차,1.0
D농가,8,20231117,8,초장,mm,245.0
D농가,8,20231117,8,엽장,mm,112.0
D농가,8,20231117,8,엽폭,mm,92.0
D농가,8,20231117,8,엽병장,mm,113.0
D농가,8,20231117,8,엽수,개,6.0
D농가,8,20231117,8,관부직경,mm,21.92
D농가,8,20231117,8,화방 꽃수(소화수),개,3.0
D농가,8,20231117,8,착과수,개,6.0
D농가,8,20231117,8,최종화방차수,차,1.0
D농가,8,20231117,9,초장,mm,276.0
D농가,8,20231117,9,엽장,mm,125.0
D농가,8,20231117,9,엽폭,mm,99.0
D농가,8,20231117,9,엽병장,mm,126.0
D농가,8,20231117,9,엽수,개,6.0
D농가,8,20231117,9,관부직경,mm,20.36
D농가,8,20231117,9,화방 꽃수(소화수),개,3.0
D농가,8,20231117,9,착과수,개,4.0
D농가,8,20231117,9,최종화방차수,차,1.0
D농가,9,20231124,1,초장,mm,290.0
D농가,9,20231124,1,엽장,mm,116.0
D농가,9,20231124,1,엽폭,mm,102.0
D농가,9,20231124,1,엽병장,mm,115.0
D농가,9,20231124,1,엽수,개,4.0
D농가,9,20231124,1,관부직경,mm,27.36
D농가,9,20231124,1,화방 꽃수(소화수),개,2.0
D농가,9,20231124,1,착과수,개,10.0
D농가,9,20231124,1,최종화방차수,차,1.0
D농가,9,20231124,2,초장,mm,297.0
D농가,9,20231124,2,엽장,mm,108.0
D농가,9,20231124,2,엽폭,mm,78.0
D농가,9,20231124,2,엽병장,mm,150.0
D농가,9,20231124,2,엽수,개,5.0
D농가,9,20231124,2,관부직경,mm,29.86
D농가,9,20231124,2,화방 꽃수(소화수),개,2.0
D농가,9,20231124,2,착과수,개,9.0
D농가,9,20231124,2,최종화방차수,차,1.0
D농가,9,20231124,3,초장,mm,266.0
D농가,9,20231124,3,엽장,mm,97.0
D농가,9,20231124,3,엽폭,mm,78.0
D농가,9,20231124,3,엽병장,mm,129.0
D농가,9,20231124,3,엽수,개,4.0
D농가,9,20231124,3,관부직경,mm,20.92
D농가,9,20231124,3,화방 꽃수(소화수),개,3.0
D농가,9,20231124,3,착과수,개,14.0
D농가,9,20231124,3,최종화방차수,차,1.0
D농가,9,20231124,4,초장,mm,290.0
D농가,9,20231124,4,엽장,mm,113.0
D농가,9,20231124,4,엽폭,mm,90.0
D농가,9,20231124,4,엽병장,mm,128.0
D농가,9,20231124,4,엽수,개,5.0
D농가,9,20231124,4,관부직경,mm,18.46
D농가,9,20231124,4,화방 꽃수(소화수),개,1.0
D농가,9,20231124,4,착과수,개,13.0
D농가,9,20231124,4,최종화방차수,차,1.0
D농가,9,20231124,5,초장,mm,304.0
D농가,9,20231124,5,엽장,mm,119.0
D농가,9,20231124,5,엽폭,mm,99.0
D농가,9,20231124,5,엽병장,mm,155.0
D농가,9,20231124,5,엽수,개,5.0
D농가,9,20231124,5,관부직경,mm,22.29
D농가,9,20231124,5,화방 꽃수(소화수),개,1.0
D농가,9,20231124,5,착과수,개,3.0
D농가,9,20231124,5,최종화방차수,차,1.0
D농가,9,20231124,6,초장,mm,288.0
D농가,9,20231124,6,엽장,mm,108.0
D농가,9,20231124,6,엽폭,mm,91.0
D농가,9,20231124,6,엽병장,mm,141.0
D농가,9,20231124,6,엽수,개,3.0
D농가,9,20231124,6,관부직경,mm,22.42
D농가,9,20231124,6,화방 꽃수(소화수),개,1.0
D농가,9,20231124,6,착과수,개,10.0
D농가,9,20231124,6,최종화방차수,차,1.0
D농가,9,20231124,7,초장,mm,250.0
D농가,9,20231124,7,엽장,mm,102.0
D농가,9,20231124,7,엽폭,mm,85.0
D농가,9,20231124,7,엽병장,mm,137.0
D농가,9,20231124,7,엽수,개,4.0
D농가,9,20231124,7,관부직경,mm,18.1
D농가,9,20231124,7,화방 꽃수(소화수),개,2.0
D농가,9,20231124,7,착과수,개,11.0
D농가,9,20231124,7,최종화방차수,차,1.0
D농가,9,20231124,8,초장,mm,280.0
D농가,9,20231124,8,엽장,mm,120.0
D농가,9,20231124,8,엽폭,mm,95.0
D농가,9,20231124,8,엽병장,mm,121.0
D농가,9,20231124,8,엽수,개,5.0
D농가,9,20231124,8,관부직경,mm,18.98
D농가,9,20231124,8,화방 꽃수(소화수),개,2.0
D농가,9,20231124,8,착과수,개,12.0
D농가,9,20231124,8,최종화방차수,차,1.0
D농가,9,20231124,9,초장,mm,316.0
D농가,9,20231124,9,엽장,mm,123.0
D농가,9,20231124,9,엽폭,mm,97.0
D농가,9,20231124,9,엽병장,mm,132.0
D농가,9,20231124,9,엽수,개,4.0
D농가,9,20231124,9,관부직경,mm,21.96
D농가,9,20231124,9,화방 꽃수(소화수),개,2.0
D농가,9,20231124,9,착과수,개,6.0
D농가,9,20231124,9,최종화방차수,차,1.0
D농가,10,20231130,1,초장,mm,296.0
D농가,10,20231130,1,엽장,mm,111.0
D농가,10,20231130,1,엽폭,mm,84.0
D농가,10,20231130,1,엽병장,mm,169.0
D농가,10,20231130,1,엽수,개,6.0
D농가,10,20231130,1,관부직경,mm,27.04
D농가,10,20231130,1,화방 꽃수(소화수),개,0.0
D농가,10,20231130,1,착과수,개,11.0
D농가,10,20231130,1,최종화방차수,차,1.0
D농가,10,20231130,3,초장,mm,268.0
D농가,10,20231130,3,엽장,mm,102.0
D농가,10,20231130,3,엽폭,mm,79.0
D농가,10,20231130,3,엽병장,mm,140.0
D농가,10,20231130,3,엽수,개,5.0
D농가,10,20231130,3,관부직경,mm,20.23
D농가,10,20231130,3,화방 꽃수(소화수),개,0.0
D농가,10,20231130,3,착과수,개,14.0
D농가,10,20231130,3,최종화방차수,차,1.0
D농가,10,20231130,4,초장,mm,290.0
D농가,10,20231130,4,엽장,mm,102.0
D농가,10,20231130,4,엽폭,mm,85.0
D농가,10,20231130,4,엽병장,mm,132.0
D농가,10,20231130,4,엽수,개,6.0
D농가,10,20231130,4,관부직경,mm,22.03
D농가,10,20231130,4,화방 꽃수(소화수),개,0.0
D농가,10,20231130,4,착과수,개,11.0
D농가,10,20231130,4,최종화방차수,차,1.0
D농가,10,20231130,2,초장,mm,302.0
D농가,10,20231130,2,엽장,mm,79.0
D농가,10,20231130,2,엽폭,mm,63.0
D농가,10,20231130,2,엽병장,mm,171.0
D농가,10,20231130,2,엽수,개,6.0
D농가,10,20231130,2,관부직경,mm,24.17
D농가,10,20231130,2,화방 꽃수(소화수),개,1.0
D농가,10,20231130,2,착과수,개,9.0
D농가,10,20231130,2,최종화방차수,차,1.0
D농가,10,20231130,5,초장,mm,317.0
D농가,10,20231130,5,엽장,mm,107.0
D농가,10,20231130,5,엽폭,mm,80.0
D농가,10,20231130,5,엽병장,mm,158.0
D농가,10,20231130,5,엽수,개,6.0
D농가,10,20231130,5,관부직경,mm,23.85
D농가,10,20231130,5,화방 꽃수(소화수),개,0.0
D농가,10,20231130,5,착과수,개,4.0
D농가,10,20231130,5,최종화방차수,차,1.0
D농가,10,20231130,6,초장,mm,281.0
D농가,10,20231130,6,엽장,mm,123.0
D농가,10,20231130,6,엽폭,mm,90.0
D농가,10,20231130,6,엽병장,mm,146.0
D농가,10,20231130,6,엽수,개,4.0
D농가,10,20231130,6,관부직경,mm,20.43
D농가,10,20231130,6,화방 꽃수(소화수),개,0.0
D농가,10,20231130,6,착과수,개,11.0
D농가,10,20231130,6,최종화방차수,차,1.0
D농가,10,20231130,7,초장,mm,260.0
D농가,10,20231130,7,엽장,mm,100.0
D농가,10,20231130,7,엽폭,mm,93.0
D농가,10,20231130,7,엽병장,mm,142.0
D농가,10,20231130,7,엽수,개,4.0
D농가,10,20231130,7,관부직경,mm,22.24
D농가,10,20231130,7,화방 꽃수(소화수),개,0.0
D농가,10,20231130,7,착과수,개,11.0
D농가,10,20231130,7,최종화방차수,차,1.0
D농가,10,20231130,8,초장,mm,290.0
D농가,10,20231130,8,엽장,mm,117.0
D농가,10,20231130,8,엽폭,mm,95.0
D농가,10,20231130,8,엽병장,mm,157.0
D농가,10,20231130,8,엽수,개,6.0
D농가,10,20231130,8,관부직경,mm,23.63
D농가,10,20231130,8,화방 꽃수(소화수),개,0.0
D농가,10,20231130,8,착과수,개,12.0
D농가,10,20231130,8,최종화방차수,차,1.0
D농가,10,20231130,9,초장,mm,321.0
D농가,10,20231130,9,엽장,mm,122.0
D농가,10,20231130,9,엽폭,mm,104.0
D농가,10,20231130,9,엽병장,mm,135.0
D농가,10,20231130,9,엽수,개,5.0
D농가,10,20231130,9,관부직경,mm,25.0
D농가,10,20231130,9,화방 꽃수(소화수),개,0.0
D농가,10,20231130,9,착과수,개,9.0
D농가,10,20231130,9,최종화방차수,차,1.0
D농가,11,20231207,1,초장,mm,287.0
D농가,11,20231207,1,엽장,mm,100.0
D농가,11,20231207,1,엽폭,mm,80.0
D농가,11,20231207,1,엽병장,mm,152.0
D농가,11,20231207,1,엽수,개,6.0
D농가,11,20231207,1,관부직경,mm,25.63
D농가,11,20231207,1,화방 꽃수(소화수),개,0.0
D농가,11,20231207,1,착과수,개,11.0
D농가,11,20231207,1,최종화방차수,차,1.0
D농가,11,20231207,2,초장,mm,304.0
D농가,11,20231207,2,엽장,mm,92.0
D농가,11,20231207,2,엽폭,mm,65.0
D농가,11,20231207,2,엽병장,mm,147.0
D농가,11,20231207,2,엽수,개,7.0
D농가,11,20231207,2,관부직경,mm,24.65
D농가,11,20231207,2,화방 꽃수(소화수),개,0.0
D농가,11,20231207,2,착과수,개,9.0
D농가,11,20231207,2,최종화방차수,차,1.0
D농가,11,20231207,3,초장,mm,265.0
D농가,11,20231207,3,엽장,mm,93.0
D농가,11,20231207,3,엽폭,mm,67.0
D농가,11,20231207,3,엽병장,mm,127.0
D농가,11,20231207,3,엽수,개,6.0
D농가,11,20231207,3,관부직경,mm,23.56
D농가,11,20231207,3,화방 꽃수(소화수),개,0.0
D농가,11,20231207,3,착과수,개,14.0
D농가,11,20231207,3,최종화방차수,차,1.0
D농가,11,20231207,4,초장,mm,303.0
D농가,11,20231207,4,엽장,mm,92.0
D농가,11,20231207,4,엽폭,mm,71.0
D농가,11,20231207,4,엽병장,mm,158.0
D농가,11,20231207,4,엽수,개,5.0
D농가,11,20231207,4,관부직경,mm,19.74
D농가,11,20231207,4,화방 꽃수(소화수),개,0.0
D농가,11,20231207,4,착과수,개,12.0
D농가,11,20231207,4,최종화방차수,차,1.0
D농가,11,20231207,5,초장,mm,323.0
D농가,11,20231207,5,엽장,mm,122.0
D농가,11,20231207,5,엽폭,mm,112.0
D농가,11,20231207,5,엽병장,mm,153.0
D농가,11,20231207,5,엽수,개,6.0
D농가,11,20231207,5,관부직경,mm,27.43
D농가,11,20231207,5,화방 꽃수(소화수),개,0.0
D농가,11,20231207,5,착과수,개,4.0
D농가,11,20231207,5,최종화방차수,차,1.0
D농가,11,20231207,6,초장,mm,290.0
D농가,11,20231207,6,엽장,mm,118.0
D농가,11,20231207,6,엽폭,mm,92.0
D농가,11,20231207,6,엽병장,mm,145.0
D농가,11,20231207,6,엽수,개,4.0
D농가,11,20231207,6,관부직경,mm,20.68
D농가,11,20231207,6,화방 꽃수(소화수),개,0.0
D농가,11,20231207,6,착과수,개,11.0
D농가,11,20231207,6,최종화방차수,차,1.0
D농가,11,20231207,7,초장,mm,265.0
D농가,11,20231207,7,엽장,mm,105.0
D농가,11,20231207,7,엽폭,mm,81.0
D농가,11,20231207,7,엽병장,mm,115.0
D농가,11,20231207,7,엽수,개,4.0
D농가,11,20231207,7,관부직경,mm,21.78
D농가,11,20231207,7,화방 꽃수(소화수),개,0.0
D농가,11,20231207,7,착과수,개,10.0
D농가,11,20231207,7,최종화방차수,차,1.0
D농가,11,20231207,8,초장,mm,287.0
D농가,11,20231207,8,엽장,mm,118.0
D농가,11,20231207,8,엽폭,mm,92.0
D농가,11,20231207,8,엽병장,mm,164.0
D농가,11,20231207,8,엽수,개,6.0
D농가,11,20231207,8,관부직경,mm,25.57
D농가,11,20231207,8,화방 꽃수(소화수),개,0.0
D농가,11,20231207,8,착과수,개,12.0
D농가,11,20231207,8,최종화방차수,차,1.0
D농가,11,20231207,9,초장,mm,324.0
D농가,11,20231207,9,엽장,mm,124.0
D농가,11,20231207,9,엽폭,mm,100.0
D농가,11,20231207,9,엽병장,mm,135.0
D농가,11,20231207,9,엽수,개,5.0
D농가,11,20231207,9,관부직경,mm,21.62
D농가,11,20231207,9,화방 꽃수(소화수),개,0.0
D농가,11,20231207,9,착과수,개,7.0
D농가,11,20231207,9,최종화방차수,차,1.0
D농가,12,20231214,1,초장,mm,301.0
D농가,12,20231214,1,엽장,mm,91.0
D농가,12,20231214,1,엽폭,mm,80.0
D농가,12,20231214,1,엽병장,mm,163.0
D농가,12,20231214,1,엽수,개,7.0
D농가,12,20231214,1,관부직경,mm,24.29
D농가,12,20231214,1,화방 꽃수(소화수),개,0.0
D농가,12,20231214,1,착과수,개,9.0
D농가,12,20231214,1,최종화방차수,차,1.0
D농가,12,20231214,2,초장,mm,310.0
D농가,12,20231214,2,엽장,mm,82.0
D농가,12,20231214,2,엽폭,mm,70.0
D농가,12,20231214,2,엽병장,mm,168.0
D농가,12,20231214,2,엽수,개,8.0
D농가,12,20231214,2,관부직경,mm,30.31
D농가,12,20231214,2,화방 꽃수(소화수),개,0.0
D농가,12,20231214,2,착과수,개,7.0
D농가,12,20231214,2,최종화방차수,차,1.0
D농가,12,20231214,3,초장,mm,272.0
D농가,12,20231214,3,엽장,mm,95.0
D농가,12,20231214,3,엽폭,mm,70.0
D농가,12,20231214,3,엽병장,mm,142.0
D농가,12,20231214,3,엽수,개,6.0
D농가,12,20231214,3,관부직경,mm,26.25
D농가,12,20231214,3,화방 꽃수(소화수),개,0.0
D농가,12,20231214,3,착과수,개,12.0
D농가,12,20231214,3,최종화방차수,차,1.0
D농가,12,20231214,4,초장,mm,298.0
D농가,12,20231214,4,엽장,mm,116.0
D농가,12,20231214,4,엽폭,mm,85.0
D농가,12,20231214,4,엽병장,mm,127.0
D농가,12,20231214,4,엽수,개,5.0
D농가,12,20231214,4,관부직경,mm,20.63
D농가,12,20231214,4,화방 꽃수(소화수),개,0.0
D농가,12,20231214,4,착과수,개,11.0
D농가,12,20231214,4,최종화방차수,차,1.0
D농가,12,20231214,5,초장,mm,323.0
D농가,12,20231214,5,엽장,mm,112.0
D농가,12,20231214,5,엽폭,mm,93.0
D농가,12,20231214,5,엽병장,mm,120.0
D농가,12,20231214,5,엽수,개,7.0
D농가,12,20231214,5,관부직경,mm,29.32
D농가,12,20231214,5,화방 꽃수(소화수),개,0.0
D농가,12,20231214,5,착과수,개,4.0
D농가,12,20231214,5,최종화방차수,차,1.0
D농가,12,20231214,6,초장,mm,310.0
D농가,12,20231214,6,엽장,mm,113.0
D농가,12,20231214,6,엽폭,mm,82.0
D농가,12,20231214,6,엽병장,mm,190.0
D농가,12,20231214,6,엽수,개,4.0
D농가,12,20231214,6,관부직경,mm,21.79
D농가,12,20231214,6,화방 꽃수(소화수),개,0.0
D농가,12,20231214,6,착과수,개,10.0
D농가,12,20231214,6,최종화방차수,차,1.0
D농가,12,20231214,7,초장,mm,275.0
D농가,12,20231214,7,엽장,mm,108.0
D농가,12,20231214,7,엽폭,mm,82.0
D농가,12,20231214,7,엽병장,mm,116.0
D농가,12,20231214,7,엽수,개,6.0
D농가,12,20231214,7,관부직경,mm,25.11
D농가,12,20231214,7,화방 꽃수(소화수),개,0.0
D농가,12,20231214,7,착과수,개,10.0
D농가,12,20231214,7,최종화방차수,차,1.0
D농가,12,20231214,8,초장,mm,302.0
D농가,12,20231214,8,엽장,mm,118.0
D농가,12,20231214,8,엽폭,mm,83.0
D농가,12,20231214,8,엽병장,mm,155.0
D농가,12,20231214,8,엽수,개,7.0
D농가,12,20231214,8,관부직경,mm,25.33
D농가,12,20231214,8,화방 꽃수(소화수),개,0.0
D농가,12,20231214,8,착과수,개,11.0
D농가,12,20231214,8,최종화방차수,차,1.0
D농가,12,20231214,9,초장,mm,336.0
D농가,12,20231214,9,엽장,mm,128.0
D농가,12,20231214,9,엽폭,mm,98.0
D농가,12,20231214,9,엽병장,mm,135.0
D농가,12,20231214,9,엽수,개,5.0
D농가,12,20231214,9,관부직경,mm,25.67
D농가,12,20231214,9,화방 꽃수(소화수),개,0.0
D농가,12,20231214,9,착과수,개,7.0
D농가,12,20231214,9,최종화방차수,차,1.0
D농가,13,20231221,1,초장,mm,301.0
D농가,13,20231221,1,엽장,mm,91.0
D농가,13,20231221,1,엽폭,mm,71.0
D농가,13,20231221,1,엽병장,mm,170.0
D농가,13,20231221,1,엽수,개,7.0
D농가,13,20231221,1,관부직경,mm,24.56
D농가,13,20231221,1,화방 꽃수(소화수),개,0.0
D농가,13,20231221,1,착과수,개,8.0
D농가,13,20231221,1,최종화방차수,차,1.0
D농가,13,20231221,2,초장,mm,315.0
D농가,13,20231221,2,엽장,mm,82.0
D농가,13,20231221,2,엽폭,mm,94.0
D농가,13,20231221,2,엽병장,mm,170.0
D농가,13,20231221,2,엽수,개,8.0
D농가,13,20231221,2,관부직경,mm,31.06
D농가,13,20231221,2,화방 꽃수(소화수),개,0.0
D농가,13,20231221,2,착과수,개,8.0
D농가,13,20231221,2,최종화방차수,차,1.0
D농가,13,20231221,3,초장,mm,280.0
D농가,13,20231221,3,엽장,mm,99.0
D농가,13,20231221,3,엽폭,mm,79.0
D농가,13,20231221,3,엽병장,mm,151.0
D농가,13,20231221,3,엽수,개,5.0
D농가,13,20231221,3,관부직경,mm,24.16
D농가,13,20231221,3,화방 꽃수(소화수),개,0.0
D농가,13,20231221,3,착과수,개,9.0
D농가,13,20231221,3,최종화방차수,차,1.0
D농가,13,20231221,4,초장,mm,302.0
D농가,13,20231221,4,엽장,mm,106.0
D농가,13,20231221,4,엽폭,mm,85.0
D농가,13,20231221,4,엽병장,mm,178.0
D농가,13,20231221,4,엽수,개,5.0
D농가,13,20231221,4,관부직경,mm,20.49
D농가,13,20231221,4,화방 꽃수(소화수),개,0.0
D농가,13,20231221,4,착과수,개,9.0
D농가,13,20231221,4,최종화방차수,차,1.0
D농가,13,20231221,5,초장,mm,326.0
D농가,13,20231221,5,엽장,mm,109.0
D농가,13,20231221,5,엽폭,mm,96.0
D농가,13,20231221,5,엽병장,mm,121.0
D농가,13,20231221,5,엽수,개,7.0
D농가,13,20231221,5,관부직경,mm,28.52
D농가,13,20231221,5,화방 꽃수(소화수),개,0.0
D농가,13,20231221,5,착과수,개,3.0
D농가,13,20231221,5,최종화방차수,차,1.0
D농가,13,20231221,6,초장,mm,311.0
D농가,13,20231221,6,엽장,mm,91.0
D농가,13,20231221,6,엽폭,mm,69.0
D농가,13,20231221,6,엽병장,mm,165.0
D농가,13,20231221,6,엽수,개,4.0
D농가,13,20231221,6,관부직경,mm,21.32
D농가,13,20231221,6,화방 꽃수(소화수),개,0.0
D농가,13,20231221,6,착과수,개,8.0
D농가,13,20231221,6,최종화방차수,차,1.0
D농가,13,20231221,7,초장,mm,278.0
D농가,13,20231221,7,엽장,mm,105.0
D농가,13,20231221,7,엽폭,mm,83.0
D농가,13,20231221,7,엽병장,mm,127.0
D농가,13,20231221,7,엽수,개,6.0
D농가,13,20231221,7,관부직경,mm,25.37
D농가,13,20231221,7,화방 꽃수(소화수),개,0.0
D농가,13,20231221,7,착과수,개,9.0
D농가,13,20231221,7,최종화방차수,차,1.0
D농가,13,20231221,8,초장,mm,305.0
D농가,13,20231221,8,엽장,mm,116.0
D농가,13,20231221,8,엽폭,mm,91.0
D농가,13,20231221,8,엽병장,mm,167.0
D농가,13,20231221,8,엽수,개,7.0
D농가,13,20231221,8,관부직경,mm,24.95
D농가,13,20231221,8,화방 꽃수(소화수),개,0.0
D농가,13,20231221,8,착과수,개,9.0
D농가,13,20231221,8,최종화방차수,차,1.0
D농가,13,20231221,9,초장,mm,344.0
D농가,13,20231221,9,엽장,mm,112.0
D농가,13,20231221,9,엽폭,mm,88.0
D농가,13,20231221,9,엽병장,mm,191.0
D농가,13,20231221,9,엽수,개,5.0
D농가,13,20231221,9,관부직경,mm,24.8
D농가,13,20231221,9,화방 꽃수(소화수),개,0.0
D농가,13,20231221,9,착과수,개,5.0
D농가,13,20231221,9,최종화방차수,차,1.0
D농가,14,20231228,1,초장,mm,300.0
D농가,14,20231228,1,엽장,mm,96.0
D농가,14,20231228,1,엽폭,mm,72.0
D농가,14,20231228,1,엽병장,mm,172.0
D농가,14,20231228,1,엽수,개,7.0
D농가,14,20231228,1,관부직경,mm,26.48
D농가,14,20231228,1,화방 꽃수(소화수),개,0.0
D농가,14,20231228,1,착과수,개,7.0
D농가,14,20231228,1,최종화방차수,차,1.0
D농가,14,20231228,2,초장,mm,311.0
D농가,14,20231228,2,엽장,mm,87.0
D농가,14,20231228,2,엽폭,mm,62.0
D농가,14,20231228,2,엽병장,mm,171.0
D농가,14,20231228,2,엽수,개,7.0
D농가,14,20231228,2,관부직경,mm,25.45
D농가,14,20231228,2,화방 꽃수(소화수),개,0.0
D농가,14,20231228,2,착과수,개,7.0
D농가,14,20231228,2,최종화방차수,차,1.0
D농가,14,20231228,3,초장,mm,265.0
D농가,14,20231228,3,엽장,mm,87.0
D농가,14,20231228,3,엽폭,mm,60.0
D농가,14,20231228,3,엽병장,mm,146.0
D농가,14,20231228,3,엽수,개,6.0
D농가,14,20231228,3,관부직경,mm,19.95
D농가,14,20231228,3,화방 꽃수(소화수),개,0.0
D농가,14,20231228,3,착과수,개,8.0
D농가,14,20231228,3,최종화방차수,차,1.0
D농가,14,20231228,4,초장,mm,316.0
D농가,14,20231228,4,엽장,mm,102.0
D농가,14,20231228,4,엽폭,mm,78.0
D농가,14,20231228,4,엽병장,mm,162.0
D농가,14,20231228,4,엽수,개,5.0
D농가,14,20231228,4,관부직경,mm,18.83
D농가,14,20231228,4,화방 꽃수(소화수),개,0.0
D농가,14,20231228,4,착과수,개,8.0
D농가,14,20231228,4,최종화방차수,차,1.0
D농가,14,20231228,5,초장,mm,328.0
D농가,14,20231228,5,엽장,mm,114.0
D농가,14,20231228,5,엽폭,mm,85.0
D농가,14,20231228,5,엽병장,mm,159.0
D농가,14,20231228,5,엽수,개,7.0
D농가,14,20231228,5,관부직경,mm,26.74
D농가,14,20231228,5,화방 꽃수(소화수),개,0.0
D농가,14,20231228,5,착과수,개,2.0
D농가,14,20231228,5,최종화방차수,차,1.0
D농가,14,20231228,6,초장,mm,305.0
D농가,14,20231228,6,엽장,mm,92.0
D농가,14,20231228,6,엽폭,mm,69.0
D농가,14,20231228,6,엽병장,mm,173.0
D농가,14,20231228,6,엽수,개,5.0
D농가,14,20231228,6,관부직경,mm,24.33
D농가,14,20231228,6,화방 꽃수(소화수),개,0.0
D농가,14,20231228,6,착과수,개,5.0
D농가,14,20231228,6,최종화방차수,차,1.0
D농가,14,20231228,7,초장,mm,262.0
D농가,14,20231228,7,엽장,mm,105.0
D농가,14,20231228,7,엽폭,mm,83.0
D농가,14,20231228,7,엽병장,mm,125.0
D농가,14,20231228,7,엽수,개,5.0
D농가,14,20231228,7,관부직경,mm,26.15
D농가,14,20231228,7,화방 꽃수(소화수),개,0.0
D농가,14,20231228,7,착과수,개,8.0
D농가,14,20231228,7,최종화방차수,차,1.0
D농가,14,20231228,8,초장,mm,299.0
D농가,14,20231228,8,엽장,mm,117.0
D농가,14,20231228,8,엽폭,mm,88.0
D농가,14,20231228,8,엽병장,mm,158.0
D농가,14,20231228,8,엽수,개,7.0
D농가,14,20231228,8,관부직경,mm,27.78
D농가,14,20231228,8,화방 꽃수(소화수),개,0.0
D농가,14,20231228,8,착과수,개,8.0
D농가,14,20231228,8,최종화방차수,차,1.0
D농가,14,20231228,9,초장,mm,335.0
D농가,14,20231228,9,엽장,mm,109.0
D농가,14,20231228,9,엽폭,mm,86.0
D농가,14,20231228,9,엽병장,mm,187.0
D농가,14,20231228,9,엽수,개,5.0
D농가,14,20231228,9,관부직경,mm,28.9
D농가,14,20231228,9,화방 꽃수(소화수),개,0.0
D농가,14,20231228,9,착과수,개,5.0
D농가,14,20231228,9,최종화방차수,차,1.0
D농가,15,20240104,1,초장,mm,292.0
D농가,15,20240104,1,엽장,mm,104.0
D농가,15,20240104,1,엽폭,mm,80.0
D농가,15,20240104,1,엽병장,mm,168.0
D농가,15,20240104,1,엽수,개,7.0
D농가,15,20240104,1,관부직경,mm,28.93
D농가,15,20240104,1,화방 꽃수(소화수),개,0.0
D농가,15,20240104,1,착과수,개,3.0
D농가,15,20240104,1,최종화방차수,차,1.0
D농가,15,20240104,2,초장,mm,318.0
D농가,15,20240104,2,엽장,mm,90.0
D농가,15,20240104,2,엽폭,mm,60.0
D농가,15,20240104,2,엽병장,mm,172.0
D농가,15,20240104,2,엽수,개,8.0
D농가,15,20240104,2,관부직경,mm,22.1
D농가,15,20240104,2,화방 꽃수(소화수),개,0.0
D농가,15,20240104,2,착과수,개,4.0
D농가,15,20240104,2,최종화방차수,차,1.0
D농가,15,20240104,3,초장,mm,270.0
D농가,15,20240104,3,엽장,mm,89.0
D농가,15,20240104,3,엽폭,mm,60.0
D농가,15,20240104,3,엽병장,mm,145.0
D농가,15,20240104,3,엽수,개,6.0
D농가,15,20240104,3,관부직경,mm,19.12
D농가,15,20240104,3,화방 꽃수(소화수),개,0.0
D농가,15,20240104,3,착과수,개,3.0
D농가,15,20240104,3,최종화방차수,차,1.0
D농가,15,20240104,4,초장,mm,304.0
D농가,15,20240104,4,엽장,mm,103.0
D농가,15,20240104,4,엽폭,mm,78.0
D농가,15,20240104,4,엽병장,mm,162.0
D농가,15,20240104,4,엽수,개,5.0
D농가,15,20240104,4,관부직경,mm,17.98
D농가,15,20240104,4,화방 꽃수(소화수),개,0.0
D농가,15,20240104,4,착과수,개,6.0
D농가,15,20240104,4,최종화방차수,차,1.0
D농가,15,20240104,5,초장,mm,325.0
D농가,15,20240104,5,엽장,mm,89.0
D농가,15,20240104,5,엽폭,mm,75.0
D농가,15,20240104,5,엽병장,mm,175.0
D농가,15,20240104,5,엽수,개,8.0
D농가,15,20240104,5,관부직경,mm,27.8
D농가,15,20240104,5,화방 꽃수(소화수),개,0.0
D농가,15,20240104,5,착과수,개,1.0
D농가,15,20240104,5,최종화방차수,차,1.0
D농가,15,20240104,6,초장,mm,306.0
D농가,15,20240104,6,엽장,mm,86.0
D농가,15,20240104,6,엽폭,mm,69.0
D농가,15,20240104,6,엽병장,mm,168.0
D농가,15,20240104,6,엽수,개,6.0
D농가,15,20240104,6,관부직경,mm,19.44
D농가,15,20240104,6,화방 꽃수(소화수),개,0.0
D농가,15,20240104,6,착과수,개,5.0
D농가,15,20240104,6,최종화방차수,차,1.0
D농가,15,20240104,7,초장,mm,288.0
D농가,15,20240104,7,엽장,mm,75.0
D농가,15,20240104,7,엽폭,mm,49.0
D농가,15,20240104,7,엽병장,mm,211.0
D농가,15,20240104,7,엽수,개,6.0
D농가,15,20240104,7,관부직경,mm,24.62
D농가,15,20240104,7,화방 꽃수(소화수),개,0.0
D농가,15,20240104,7,착과수,개,6.0
D농가,15,20240104,7,최종화방차수,차,1.0
D농가,15,20240104,8,초장,mm,305.0
D농가,15,20240104,8,엽장,mm,99.0
D농가,15,20240104,8,엽폭,mm,67.0
D농가,15,20240104,8,엽병장,mm,177.0
D농가,15,20240104,8,엽수,개,7.0
D농가,15,20240104,8,관부직경,mm,21.85
D농가,15,20240104,8,화방 꽃수(소화수),개,0.0
D농가,15,20240104,8,착과수,개,4.0
D농가,15,20240104,8,최종화방차수,차,1.0
D농가,15,20240104,9,초장,mm,333.0
D농가,15,20240104,9,엽장,mm,112.0
D농가,15,20240104,9,엽폭,mm,88.0
D농가,15,20240104,9,엽병장,mm,183.0
D농가,15,20240104,9,엽수,개,5.0
D농가,15,20240104,9,관부직경,mm,25.95
D농가,15,20240104,9,화방 꽃수(소화수),개,0.0
D농가,15,20240104,9,착과수,개,2.0
D농가,15,20240104,9,최종화방차수,차,1.0
D농가,16,20240111,1,초장,mm,298.0
D농가,16,20240111,1,엽장,mm,111.0
D농가,16,20240111,1,엽폭,mm,91.0
D농가,16,20240111,1,엽병장,mm,163.0
D농가,16,20240111,1,엽수,개,7.0
D농가,16,20240111,1,관부직경,mm,23.08
D농가,16,20240111,1,화방 꽃수(소화수),개,0.0
D농가,16,20240111,1,착과수,개,1.0
D농가,16,20240111,1,최종화방차수,차,1.0
D농가,16,20240111,2,초장,mm,300.0
D농가,16,20240111,2,엽장,mm,102.0
D농가,16,20240111,2,엽폭,mm,73.0
D농가,16,20240111,2,엽병장,mm,165.0
D농가,16,20240111,2,엽수,개,7.0
D농가,16,20240111,2,관부직경,mm,30.33
D농가,16,20240111,2,화방 꽃수(소화수),개,0.0
D농가,16,20240111,2,착과수,개,0.0
D농가,16,20240111,2,최종화방차수,차,1.0
D농가,16,20240111,3,초장,mm,273.0
D농가,16,20240111,3,엽장,mm,92.0
D농가,16,20240111,3,엽폭,mm,67.0
D농가,16,20240111,3,엽병장,mm,150.0
D농가,16,20240111,3,엽수,개,6.0
D농가,16,20240111,3,관부직경,mm,20.08
D농가,16,20240111,3,화방 꽃수(소화수),개,0.0
D농가,16,20240111,3,착과수,개,1.0
D농가,16,20240111,3,최종화방차수,차,1.0
D농가,16,20240111,4,초장,mm,311.0
D농가,16,20240111,4,엽장,mm,82.0
D농가,16,20240111,4,엽폭,mm,58.0
D농가,16,20240111,4,엽병장,mm,158.0
D농가,16,20240111,4,엽수,개,5.0
D농가,16,20240111,4,관부직경,mm,23.48
D농가,16,20240111,4,화방 꽃수(소화수),개,0.0
D농가,16,20240111,4,착과수,개,3.0
D농가,16,20240111,4,최종화방차수,차,1.0
D농가,16,20240111,5,초장,mm,326.0
D농가,16,20240111,5,엽장,mm,118.0
D농가,16,20240111,5,엽폭,mm,88.0
D농가,16,20240111,5,엽병장,mm,135.0
D농가,16,20240111,5,엽수,개,7.0
D농가,16,20240111,5,관부직경,mm,24.17
D농가,16,20240111,5,화방 꽃수(소화수),개,0.0
D농가,16,20240111,5,착과수,개,0.0
D농가,16,20240111,5,최종화방차수,차,1.0
D농가,16,20240111,6,초장,mm,303.0
D농가,16,20240111,6,엽장,mm,92.0
D농가,16,20240111,6,엽폭,mm,71.0
D농가,16,20240111,6,엽병장,mm,167.0
D농가,16,20240111,6,엽수,개,6.0
D농가,16,20240111,6,관부직경,mm,18.32
D농가,16,20240111,6,화방 꽃수(소화수),개,0.0
D농가,16,20240111,6,착과수,개,1.0
D농가,16,20240111,6,최종화방차수,차,1.0
D농가,16,20240111,7,초장,mm,271.0
D농가,16,20240111,7,엽장,mm,107.0
D농가,16,20240111,7,엽폭,mm,63.0
D농가,16,20240111,7,엽병장,mm,125.0
D농가,16,20240111,7,엽수,개,5.0
D농가,16,20240111,7,관부직경,mm,29.09
D농가,16,20240111,7,화방 꽃수(소화수),개,0.0
D농가,16,20240111,7,착과수,개,2.0
D농가,16,20240111,7,최종화방차수,차,1.0
D농가,16,20240111,8,초장,mm,308.0
D농가,16,20240111,8,엽장,mm,125.0
D농가,16,20240111,8,엽폭,mm,88.0
D농가,16,20240111,8,엽병장,mm,160.0
D농가,16,20240111,8,엽수,개,7.0
D농가,16,20240111,8,관부직경,mm,26.1
D농가,16,20240111,8,화방 꽃수(소화수),개,0.0
D농가,16,20240111,8,착과수,개,1.0
D농가,16,20240111,8,최종화방차수,차,1.0
D농가,16,20240111,9,초장,mm,340.0
D농가,16,20240111,9,엽장,mm,111.0
D농가,16,20240111,9,엽폭,mm,92.0
D농가,16,20240111,9,엽병장,mm,190.0
D농가,16,20240111,9,엽수,개,6.0
D농가,16,20240111,9,관부직경,mm,27.11
D농가,16,20240111,9,화방 꽃수(소화수),개,0.0
D농가,16,20240111,9,착과수,개,0.0
D농가,16,20240111,9,최종화방차수,차,1.0
D농가,17,20240118,1,초장,mm,282.0
D농가,17,20240118,1,엽장,mm,72.0
D농가,17,20240118,1,엽폭,mm,62.0
D농가,17,20240118,1,엽병장,mm,173.0
D농가,17,20240118,1,엽수,개,7.0
D농가,17,20240118,1,관부직경,mm,27.95
D농가,17,20240118,1,화방 꽃수(소화수),개,0.0
D농가,17,20240118,1,착과수,개,0.0
D농가,17,20240118,1,최종화방차수,차,1.0
D농가,17,20240118,2,초장,mm,315.0
D농가,17,20240118,2,엽장,mm,112.0
D농가,17,20240118,2,엽폭,mm,78.0
D농가,17,20240118,2,엽병장,mm,173.0
D농가,17,20240118,2,엽수,개,7.0
D농가,17,20240118,2,관부직경,mm,23.67
D농가,17,20240118,2,화방 꽃수(소화수),개,0.0
D농가,17,20240118,2,착과수,개,0.0
D농가,17,20240118,2,최종화방차수,차,2.0
D농가,17,20240118,3,초장,mm,260.0
D농가,17,20240118,3,엽장,mm,83.0
D농가,17,20240118,3,엽폭,mm,60.0
D농가,17,20240118,3,엽병장,mm,135.0
D농가,17,20240118,3,엽수,개,6.0
D농가,17,20240118,3,관부직경,mm,23.59
D농가,17,20240118,3,화방 꽃수(소화수),개,0.0
D농가,17,20240118,3,착과수,개,0.0
D농가,17,20240118,3,최종화방차수,차,2.0
D농가,17,20240118,4,초장,mm,305.0
D농가,17,20240118,4,엽장,mm,82.0
D농가,17,20240118,4,엽폭,mm,60.0
D농가,17,20240118,4,엽병장,mm,155.0
D농가,17,20240118,4,엽수,개,5.0
D농가,17,20240118,4,관부직경,mm,19.59
D농가,17,20240118,4,화방 꽃수(소화수),개,0.0
D농가,17,20240118,4,착과수,개,0.0
D농가,17,20240118,4,최종화방차수,차,1.0
D농가,17,20240118,5,초장,mm,332.0
D농가,17,20240118,5,엽장,mm,77.0
D농가,17,20240118,5,엽폭,mm,65.0
D농가,17,20240118,5,엽병장,mm,162.0
D농가,17,20240118,5,엽수,개,6.0
D농가,17,20240118,5,관부직경,mm,27.44
D농가,17,20240118,5,화방 꽃수(소화수),개,0.0
D농가,17,20240118,5,착과수,개,0.0
D농가,17,20240118,5,최종화방차수,차,2.0
D농가,17,20240118,6,초장,mm,305.0
D농가,17,20240118,6,엽장,mm,67.0
D농가,17,20240118,6,엽폭,mm,51.0
D농가,17,20240118,6,엽병장,mm,140.0
D농가,17,20240118,6,엽수,개,5.0
D농가,17,20240118,6,관부직경,mm,25.24
D농가,17,20240118,6,화방 꽃수(소화수),개,0.0
D농가,17,20240118,6,착과수,개,0.0
D농가,17,20240118,6,최종화방차수,차,2.0
D농가,17,20240118,7,초장,mm,274.0
D농가,17,20240118,7,엽장,mm,108.0
D농가,17,20240118,7,엽폭,mm,83.0
D농가,17,20240118,7,엽병장,mm,122.0
D농가,17,20240118,7,엽수,개,6.0
D농가,17,20240118,7,관부직경,mm,26.36
D농가,17,20240118,7,화방 꽃수(소화수),개,0.0
D농가,17,20240118,7,착과수,개,0.0
D농가,17,20240118,7,최종화방차수,차,2.0
D농가,17,20240118,8,초장,mm,320.0
D농가,17,20240118,8,엽장,mm,72.0
D농가,17,20240118,8,엽폭,mm,55.0
D농가,17,20240118,8,엽병장,mm,172.0
D농가,17,20240118,8,엽수,개,5.0
D농가,17,20240118,8,관부직경,mm,20.06
D농가,17,20240118,8,화방 꽃수(소화수),개,0.0
D농가,17,20240118,8,착과수,개,0.0
D농가,17,20240118,8,최종화방차수,차,2.0
D농가,17,20240118,9,초장,mm,343.0
D농가,17,20240118,9,엽장,mm,92.0
D농가,17,20240118,9,엽폭,mm,70.0
D농가,17,20240118,9,엽병장,mm,165.0
D농가,17,20240118,9,엽수,개,6.0
D농가,17,20240118,9,관부직경,mm,27.7
D농가,17,20240118,9,화방 꽃수(소화수),개,0.0
D농가,17,20240118,9,착과수,개,0.0
D농가,17,20240118,9,최종화방차수,차,2.0
D농가,18,20240125,1,초장,mm,289.0
D농가,18,20240125,1,엽장,mm,83.0
D농가,18,20240125,1,엽폭,mm,61.0
D농가,18,20240125,1,엽병장,mm,173.0
D농가,18,20240125,1,엽수,개,7.0
D농가,18,20240125,1,관부직경,mm,30.87
D농가,18,20240125,1,화방 꽃수(소화수),개,0.0
D농가,18,20240125,1,착과수,개,4.0
D농가,18,20240125,1,최종화방차수,차,2.0
D농가,18,20240125,2,초장,mm,312.0
D농가,18,20240125,2,엽장,mm,91.0
D농가,18,20240125,2,엽폭,mm,63.0
D농가,18,20240125,2,엽병장,mm,137.0
D농가,18,20240125,2,엽수,개,7.0
D농가,18,20240125,2,관부직경,mm,25.5
D농가,18,20240125,2,화방 꽃수(소화수),개,0.0
D농가,18,20240125,2,착과수,개,6.0
D농가,18,20240125,2,최종화방차수,차,2.0
D농가,18,20240125,3,초장,mm,265.0
D농가,18,20240125,3,엽장,mm,87.0
D농가,18,20240125,3,엽폭,mm,69.0
D농가,18,20240125,3,엽병장,mm,134.0
D농가,18,20240125,3,엽수,개,7.0
D농가,18,20240125,3,관부직경,mm,21.9
D농가,18,20240125,3,화방 꽃수(소화수),개,2.0
D농가,18,20240125,3,착과수,개,2.0
D농가,18,20240125,3,최종화방차수,차,2.0
D농가,18,20240125,4,초장,mm,310.0
D농가,18,20240125,4,엽장,mm,85.0
D농가,18,20240125,4,엽폭,mm,59.0
D농가,18,20240125,4,엽병장,mm,150.0
D농가,18,20240125,4,엽수,개,5.0
D농가,18,20240125,4,관부직경,mm,22.53
D농가,18,20240125,4,화방 꽃수(소화수),개,1.0
D농가,18,20240125,4,착과수,개,1.0
D농가,18,20240125,4,최종화방차수,차,2.0
D농가,18,20240125,5,초장,mm,323.0
D농가,18,20240125,5,엽장,mm,77.0
D농가,18,20240125,5,엽폭,mm,67.0
D농가,18,20240125,5,엽병장,mm,157.0
D농가,18,20240125,5,엽수,개,6.0
D농가,18,20240125,5,관부직경,mm,32.94
D농가,18,20240125,5,화방 꽃수(소화수),개,0.0
D농가,18,20240125,5,착과수,개,7.0
D농가,18,20240125,5,최종화방차수,차,2.0
D농가,18,20240125,8,초장,mm,316.0
D농가,18,20240125,8,엽장,mm,73.0
D농가,18,20240125,8,엽폭,mm,56.0
D농가,18,20240125,8,엽병장,mm,170.0
D농가,18,20240125,8,엽수,개,6.0
D농가,18,20240125,8,관부직경,mm,23.43
D농가,18,20240125,8,화방 꽃수(소화수),개,0.0
D농가,18,20240125,8,착과수,개,6.0
D농가,18,20240125,8,최종화방차수,차,2.0
D농가,18,20240125,9,초장,mm,318.0
D농가,18,20240125,9,엽장,mm,93.0
D농가,18,20240125,9,엽폭,mm,70.0
D농가,18,20240125,9,엽병장,mm,163.0
D농가,18,20240125,9,엽수,개,7.0
D농가,18,20240125,9,관부직경,mm,29.22
D농가,18,20240125,9,화방 꽃수(소화수),개,0.0
D농가,18,20240125,9,착과수,개,7.0
D농가,18,20240125,9,최종화방차수,차,2.0
D농가,18,20240125,6,초장,mm,302.0
D농가,18,20240125,6,엽장,mm,66.0
D농가,18,20240125,6,엽폭,mm,50.0
D농가,18,20240125,6,엽병장,mm,142.0
D농가,18,20240125,6,엽수,개,6.0
D농가,18,20240125,6,관부직경,mm,23.28
D농가,18,20240125,6,화방 꽃수(소화수),개,0.0
D농가,18,20240125,6,착과수,개,5.0
D농가,18,20240125,6,최종화방차수,차,2.0
D농가,18,20240125,7,초장,mm,251.0
D농가,18,20240125,7,엽장,mm,82.0
D농가,18,20240125,7,엽폭,mm,56.0
D농가,18,20240125,7,엽병장,mm,127.0
D농가,18,20240125,7,엽수,개,6.0
D농가,18,20240125,7,관부직경,mm,24.33
D농가,18,20240125,7,화방 꽃수(소화수),개,0.0
D농가,18,20240125,7,착과수,개,7.0
D농가,18,20240125,7,최종화방차수,차,2.0
D농가,19,20240201,1,초장,mm,293.0
D농가,19,20240201,1,엽장,mm,71.0
D농가,19,20240201,1,엽폭,mm,63.0
D농가,19,20240201,1,엽병장,mm,151.0
D농가,19,20240201,1,엽수,개,8.0
D농가,19,20240201,1,관부직경,mm,23.27
D농가,19,20240201,1,화방 꽃수(소화수),개,0.0
D농가,19,20240201,1,착과수,개,4.0
D농가,19,20240201,1,최종화방차수,차,2.0
D농가,19,20240201,2,초장,mm,316.0
D농가,19,20240201,2,엽장,mm,75.0
D농가,19,20240201,2,엽폭,mm,48.0
D농가,19,20240201,2,엽병장,mm,161.0
D농가,19,20240201,2,엽수,개,11.0
D농가,19,20240201,2,관부직경,mm,32.46
D농가,19,20240201,2,화방 꽃수(소화수),개,0.0
D농가,19,20240201,2,착과수,개,6.0
D농가,19,20240201,2,최종화방차수,차,2.0
D농가,19,20240201,3,초장,mm,275.0
D농가,19,20240201,3,엽장,mm,68.0
D농가,19,20240201,3,엽폭,mm,46.0
D농가,19,20240201,3,엽병장,mm,110.0
D농가,19,20240201,3,엽수,개,7.0
D농가,19,20240201,3,관부직경,mm,20.86
D농가,19,20240201,3,화방 꽃수(소화수),개,5.0
D농가,19,20240201,3,착과수,개,4.0
D농가,19,20240201,3,최종화방차수,차,2.0
D농가,19,20240201,4,초장,mm,312.0
D농가,19,20240201,4,엽장,mm,79.0
D농가,19,20240201,4,엽폭,mm,61.0
D농가,19,20240201,4,엽병장,mm,154.0
D농가,19,20240201,4,엽수,개,6.0
D농가,19,20240201,4,관부직경,mm,19.05
D농가,19,20240201,4,화방 꽃수(소화수),개,2.0
D농가,19,20240201,4,착과수,개,1.0
D농가,19,20240201,4,최종화방차수,차,2.0
D농가,19,20240201,5,초장,mm,310.0
D농가,19,20240201,5,엽장,mm,83.0
D농가,19,20240201,5,엽폭,mm,67.0
D농가,19,20240201,5,엽병장,mm,160.0
D농가,19,20240201,5,엽수,개,8.0
D농가,19,20240201,5,관부직경,mm,27.47
D농가,19,20240201,5,화방 꽃수(소화수),개,0.0
D농가,19,20240201,5,착과수,개,7.0
D농가,19,20240201,5,최종화방차수,차,2.0
D농가,19,20240201,6,초장,mm,295.0
D농가,19,20240201,6,엽장,mm,53.0
D농가,19,20240201,6,엽폭,mm,48.0
D농가,19,20240201,6,엽병장,mm,120.0
D농가,19,20240201,6,엽수,개,8.0
D농가,19,20240201,6,관부직경,mm,30.48
D농가,19,20240201,6,화방 꽃수(소화수),개,0.0
D농가,19,20240201,6,착과수,개,7.0
D농가,19,20240201,6,최종화방차수,차,2.0
D농가,19,20240201,7,초장,mm,272.0
D농가,19,20240201,7,엽장,mm,62.0
D농가,19,20240201,7,엽폭,mm,49.0
D농가,19,20240201,7,엽병장,mm,140.0
D농가,19,20240201,7,엽수,개,7.0
D농가,19,20240201,7,관부직경,mm,21.3
D농가,19,20240201,7,화방 꽃수(소화수),개,0.0
D농가,19,20240201,7,착과수,개,6.0
D농가,19,20240201,7,최종화방차수,차,2.0
D농가,19,20240201,8,초장,mm,285.0
D농가,19,20240201,8,엽장,mm,60.0
D농가,19,20240201,8,엽폭,mm,58.0
D농가,19,20240201,8,엽병장,mm,125.0
D농가,19,20240201,8,엽수,개,6.0
D농가,19,20240201,8,관부직경,mm,18.25
D농가,19,20240201,8,화방 꽃수(소화수),개,0.0
D농가,19,20240201,8,착과수,개,6.0
D농가,19,20240201,8,최종화방차수,차,2.0
D농가,19,20240201,9,초장,mm,342.0
D농가,19,20240201,9,엽장,mm,74.0
D농가,19,20240201,9,엽폭,mm,52.0
D농가,19,20240201,9,엽병장,mm,155.0
D농가,19,20240201,9,엽수,개,8.0
D농가,19,20240201,9,관부직경,mm,32.89
D농가,19,20240201,9,화방 꽃수(소화수),개,0.0
D농가,19,20240201,9,착과수,개,7.0
D농가,19,20240201,9,최종화방차수,차,2.0
D농가,20,20240207,1,초장,mm,289.0
D농가,20,20240207,1,엽장,mm,73.0
D농가,20,20240207,1,엽폭,mm,62.0
D농가,20,20240207,1,엽병장,mm,155.0
D농가,20,20240207,1,엽수,개,8.0
D농가,20,20240207,1,관부직경,mm,28.7
D농가,20,20240207,1,화방 꽃수(소화수),개,0.0
D농가,20,20240207,1,착과수,개,3.0
D농가,20,20240207,1,최종화방차수,차,2.0
D농가,20,20240207,2,초장,mm,317.0
D농가,20,20240207,2,엽장,mm,75.0
D농가,20,20240207,2,엽폭,mm,53.0
D농가,20,20240207,2,엽병장,mm,150.0
D농가,20,20240207,2,엽수,개,9.0
D농가,20,20240207,2,관부직경,mm,30.08
D농가,20,20240207,2,화방 꽃수(소화수),개,0.0
D농가,20,20240207,2,착과수,개,6.0
D농가,20,20240207,2,최종화방차수,차,2.0
D농가,20,20240207,3,초장,mm,270.0
D농가,20,20240207,3,엽장,mm,70.0
D농가,20,20240207,3,엽폭,mm,52.0
D농가,20,20240207,3,엽병장,mm,108.0
D농가,20,20240207,3,엽수,개,10.0
D농가,20,20240207,3,관부직경,mm,21.84
D농가,20,20240207,3,화방 꽃수(소화수),개,2.0
D농가,20,20240207,3,착과수,개,7.0
D농가,20,20240207,3,최종화방차수,차,2.0
D농가,20,20240207,4,초장,mm,283.0
D농가,20,20240207,4,엽장,mm,82.0
D농가,20,20240207,4,엽폭,mm,59.0
D농가,20,20240207,4,엽병장,mm,150.0
D농가,20,20240207,4,엽수,개,6.0
D농가,20,20240207,4,관부직경,mm,23.1
D농가,20,20240207,4,화방 꽃수(소화수),개,3.0
D농가,20,20240207,4,착과수,개,3.0
D농가,20,20240207,4,최종화방차수,차,2.0
D농가,20,20240207,5,초장,mm,337.0
D농가,20,20240207,5,엽장,mm,80.0
D농가,20,20240207,5,엽폭,mm,70.0
D농가,20,20240207,5,엽병장,mm,135.0
D농가,20,20240207,5,엽수,개,6.0
D농가,20,20240207,5,관부직경,mm,24.97
D농가,20,20240207,5,화방 꽃수(소화수),개,0.0
D농가,20,20240207,5,착과수,개,7.0
D농가,20,20240207,5,최종화방차수,차,2.0
D농가,20,20240207,6,초장,mm,305.0
D농가,20,20240207,6,엽장,mm,63.0
D농가,20,20240207,6,엽폭,mm,48.0
D농가,20,20240207,6,엽병장,mm,128.0
D농가,20,20240207,6,엽수,개,6.0
D농가,20,20240207,6,관부직경,mm,25.89
D농가,20,20240207,6,화방 꽃수(소화수),개,0.0
D농가,20,20240207,6,착과수,개,4.0
D농가,20,20240207,6,최종화방차수,차,2.0
D농가,20,20240207,7,초장,mm,281.0
D농가,20,20240207,7,엽장,mm,60.0
D농가,20,20240207,7,엽폭,mm,60.0
D농가,20,20240207,7,엽병장,mm,110.0
D농가,20,20240207,7,엽수,개,7.0
D농가,20,20240207,7,관부직경,mm,23.33
D농가,20,20240207,7,화방 꽃수(소화수),개,0.0
D농가,20,20240207,7,착과수,개,4.0
D농가,20,20240207,7,최종화방차수,차,2.0
D농가,20,20240207,8,초장,mm,312.0
D농가,20,20240207,8,엽장,mm,55.0
D농가,20,20240207,8,엽폭,mm,48.0
D농가,20,20240207,8,엽병장,mm,107.0
D농가,20,20240207,8,엽수,개,8.0
D농가,20,20240207,8,관부직경,mm,23.37
D농가,20,20240207,8,화방 꽃수(소화수),개,0.0
D농가,20,20240207,8,착과수,개,4.0
D농가,20,20240207,8,최종화방차수,차,2.0
D농가,20,20240207,9,초장,mm,341.0
D농가,20,20240207,9,엽장,mm,70.0
D농가,20,20240207,9,엽폭,mm,57.0
D농가,20,20240207,9,엽병장,mm,100.0
D농가,20,20240207,9,엽수,개,8.0
D농가,20,20240207,9,관부직경,mm,27.97
D농가,20,20240207,9,화방 꽃수(소화수),개,0.0
D농가,20,20240207,9,착과수,개,7.0
D농가,20,20240207,9,최종화방차수,차,2.0
D농가,21,20240215,1,초장,mm,295.0
D농가,21,20240215,1,엽장,mm,83.0
D농가,21,20240215,1,엽폭,mm,72.0
D농가,21,20240215,1,엽병장,mm,162.0
D농가,21,20240215,1,엽수,개,10.0
D농가,21,20240215,1,관부직경,mm,24.36
D농가,21,20240215,1,화방 꽃수(소화수),개,0.0
D농가,21,20240215,1,착과수,개,1.0
D농가,21,20240215,1,최종화방차수,차,2.0
D농가,21,20240215,2,초장,mm,320.0
D농가,21,20240215,2,엽장,mm,67.0
D농가,21,20240215,2,엽폭,mm,51.0
D농가,21,20240215,2,엽병장,mm,147.0
D농가,21,20240215,2,엽수,개,15.0
D농가,21,20240215,2,관부직경,mm,26.21
D농가,21,20240215,2,화방 꽃수(소화수),개,0.0
D농가,21,20240215,2,착과수,개,0.0
D농가,21,20240215,2,최종화방차수,차,2.0
D농가,21,20240215,4,초장,mm,271.0
D농가,21,20240215,4,엽장,mm,55.0
D농가,21,20240215,4,엽폭,mm,50.0
D농가,21,20240215,4,엽병장,mm,98.0
D농가,21,20240215,4,엽수,개,8.0
D농가,21,20240215,4,관부직경,mm,25.23
D농가,21,20240215,4,화방 꽃수(소화수),개,7.0
D농가,21,20240215,4,착과수,개,7.0
D농가,21,20240215,4,최종화방차수,차,2.0
D농가,21,20240215,5,초장,mm,337.0
D농가,21,20240215,5,엽장,mm,75.0
D농가,21,20240215,5,엽폭,mm,55.0
D농가,21,20240215,5,엽병장,mm,135.0
D농가,21,20240215,5,엽수,개,9.0
D농가,21,20240215,5,관부직경,mm,26.85
D농가,21,20240215,5,화방 꽃수(소화수),개,0.0
D농가,21,20240215,5,착과수,개,6.0
D농가,21,20240215,5,최종화방차수,차,2.0
D농가,21,20240215,6,초장,mm,301.0
D농가,21,20240215,6,엽장,mm,58.0
D농가,21,20240215,6,엽폭,mm,50.0
D농가,21,20240215,6,엽병장,mm,123.0
D농가,21,20240215,6,엽수,개,7.0
D농가,21,20240215,6,관부직경,mm,26.61
D농가,21,20240215,6,화방 꽃수(소화수),개,0.0
D농가,21,20240215,6,착과수,개,0.0
D농가,21,20240215,6,최종화방차수,차,2.0
D농가,21,20240215,3,초장,mm,280.0
D농가,21,20240215,3,엽장,mm,75.0
D농가,21,20240215,3,엽폭,mm,52.0
D농가,21,20240215,3,엽병장,mm,135.0
D농가,21,20240215,3,엽수,개,10.0
D농가,21,20240215,3,관부직경,mm,25.76
D농가,21,20240215,3,화방 꽃수(소화수),개,4.0
D농가,21,20240215,3,착과수,개,11.0
D농가,21,20240215,3,최종화방차수,차,2.0
D농가,21,20240215,7,초장,mm,280.0
D농가,21,20240215,7,엽장,mm,62.0
D농가,21,20240215,7,엽폭,mm,60.0
D농가,21,20240215,7,엽병장,mm,113.0
D농가,21,20240215,7,엽수,개,7.0
D농가,21,20240215,7,관부직경,mm,24.82
D농가,21,20240215,7,화방 꽃수(소화수),개,1.0
D농가,21,20240215,7,착과수,개,2.0
D농가,21,20240215,7,최종화방차수,차,2.0
D농가,21,20240215,8,초장,mm,310.0
D농가,21,20240215,8,엽장,mm,70.0
D농가,21,20240215,8,엽폭,mm,58.0
D농가,21,20240215,8,엽병장,mm,118.0
D농가,21,20240215,8,엽수,개,7.0
D농가,21,20240215,8,관부직경,mm,21.36
D농가,21,20240215,8,화방 꽃수(소화수),개,1.0
D농가,21,20240215,8,착과수,개,4.0
D농가,21,20240215,8,최종화방차수,차,2.0
D농가,21,20240215,9,초장,mm,337.0
D농가,21,20240215,9,엽장,mm,74.0
D농가,21,20240215,9,엽폭,mm,60.0
D농가,21,20240215,9,엽병장,mm,123.0
D농가,21,20240215,9,엽수,개,7.0
D농가,21,20240215,9,관부직경,mm,25.54
D농가,21,20240215,9,화방 꽃수(소화수),개,0.0
D농가,21,20240215,9,착과수,개,5.0
D농가,21,20240215,9,최종화방차수,차,2.0
D농가,22,20240222,1,초장,mm,301.0
D농가,22,20240222,1,엽장,mm,73.0
D농가,22,20240222,1,엽폭,mm,65.0
D농가,22,20240222,1,엽병장,mm,156.0
D농가,22,20240222,1,엽수,개,11.0
D농가,22,20240222,1,관부직경,mm,27.23
D농가,22,20240222,1,화방 꽃수(소화수),개,0.0
D농가,22,20240222,1,착과수,개,4.0
D농가,22,20240222,1,최종화방차수,차,2.0
D농가,22,20240222,2,초장,mm,316.0
D농가,22,20240222,2,엽장,mm,77.0
D농가,22,20240222,2,엽폭,mm,62.0
D농가,22,20240222,2,엽병장,mm,211.0
D농가,22,20240222,2,엽수,개,14.0
D농가,22,20240222,2,관부직경,mm,28.19
D농가,22,20240222,2,화방 꽃수(소화수),개,0.0
D농가,22,20240222,2,착과수,개,9.0
D농가,22,20240222,2,최종화방차수,차,2.0
D농가,22,20240222,3,초장,mm,271.0
D농가,22,20240222,3,엽장,mm,72.0
D농가,22,20240222,3,엽폭,mm,63.0
D농가,22,20240222,3,엽병장,mm,144.0
D농가,22,20240222,3,엽수,개,10.0
D농가,22,20240222,3,관부직경,mm,25.08
D농가,22,20240222,3,화방 꽃수(소화수),개,0.0
D농가,22,20240222,3,착과수,개,7.0
D농가,22,20240222,3,최종화방차수,차,2.0
D농가,22,20240222,4,초장,mm,263.0
D농가,22,20240222,4,엽장,mm,64.0
D농가,22,20240222,4,엽폭,mm,53.0
D농가,22,20240222,4,엽병장,mm,105.0
D농가,22,20240222,4,엽수,개,8.0
D농가,22,20240222,4,관부직경,mm,25.78
D농가,22,20240222,4,화방 꽃수(소화수),개,0.0
D농가,22,20240222,4,착과수,개,8.0
D농가,22,20240222,4,최종화방차수,차,2.0
D농가,22,20240222,5,초장,mm,332.0
D농가,22,20240222,5,엽장,mm,75.0
D농가,22,20240222,5,엽폭,mm,68.0
D농가,22,20240222,5,엽병장,mm,163.0
D농가,22,20240222,5,엽수,개,10.0
D농가,22,20240222,5,관부직경,mm,27.57
D농가,22,20240222,5,화방 꽃수(소화수),개,1.0
D농가,22,20240222,5,착과수,개,4.0
D농가,22,20240222,5,최종화방차수,차,2.0
D농가,22,20240222,6,초장,mm,285.0
D농가,22,20240222,6,엽장,mm,61.0
D농가,22,20240222,6,엽폭,mm,51.0
D농가,22,20240222,6,엽병장,mm,112.0
D농가,22,20240222,6,엽수,개,7.0
D농가,22,20240222,6,관부직경,mm,26.9
D농가,22,20240222,6,화방 꽃수(소화수),개,2.0
D농가,22,20240222,6,착과수,개,0.0
D농가,22,20240222,6,최종화방차수,차,2.0
D농가,22,20240222,7,초장,mm,283.0
D농가,22,20240222,7,엽장,mm,58.0
D농가,22,20240222,7,엽폭,mm,48.0
D농가,22,20240222,7,엽병장,mm,105.0
D농가,22,20240222,7,엽수,개,8.0
D농가,22,20240222,7,관부직경,mm,23.59
D농가,22,20240222,7,화방 꽃수(소화수),개,1.0
D농가,22,20240222,7,착과수,개,2.0
D농가,22,20240222,7,최종화방차수,차,2.0
D농가,22,20240222,8,초장,mm,303.0
D농가,22,20240222,8,엽장,mm,67.0
D농가,22,20240222,8,엽폭,mm,63.0
D농가,22,20240222,8,엽병장,mm,124.0
D농가,22,20240222,8,엽수,개,7.0
D농가,22,20240222,8,관부직경,mm,19.2
D농가,22,20240222,8,화방 꽃수(소화수),개,0.0
D농가,22,20240222,8,착과수,개,3.0
D농가,22,20240222,8,최종화방차수,차,2.0
D농가,22,20240222,9,초장,mm,349.0
D농가,22,20240222,9,엽장,mm,74.0
D농가,22,20240222,9,엽폭,mm,61.0
D농가,22,20240222,9,엽병장,mm,134.0
D농가,22,20240222,9,엽수,개,8.0
D농가,22,20240222,9,관부직경,mm,26.5
D농가,22,20240222,9,화방 꽃수(소화수),개,2.0
D농가,22,20240222,9,착과수,개,4.0
D농가,22,20240222,9,최종화방차수,차,2.0
D농가,23,20240228,1,초장,mm,282.0
D농가,23,20240228,1,엽장,mm,80.0
D농가,23,20240228,1,엽폭,mm,70.0
D농가,23,20240228,1,엽병장,mm,168.0
D농가,23,20240228,1,엽수,개,8.0
D농가,23,20240228,1,관부직경,mm,28.72
D농가,23,20240228,1,화방 꽃수(소화수),개,2.0
D농가,23,20240228,1,착과수,개,4.0
D농가,23,20240228,1,최종화방차수,차,2.0
D농가,23,20240228,2,초장,mm,317.0
D농가,23,20240228,2,엽장,mm,63.0
D농가,23,20240228,2,엽폭,mm,52.0
D농가,23,20240228,2,엽병장,mm,137.0
D농가,23,20240228,2,엽수,개,15.0
D농가,23,20240228,2,관부직경,mm,28.78
D농가,23,20240228,2,화방 꽃수(소화수),개,0.0
D농가,23,20240228,2,착과수,개,6.0
D농가,23,20240228,2,최종화방차수,차,2.0
D농가,23,20240228,3,초장,mm,258.0
D농가,23,20240228,3,엽장,mm,77.0
D농가,23,20240228,3,엽폭,mm,68.0
D농가,23,20240228,3,엽병장,mm,145.0
D농가,23,20240228,3,엽수,개,11.0
D농가,23,20240228,3,관부직경,mm,26.54
D농가,23,20240228,3,화방 꽃수(소화수),개,0.0
D농가,23,20240228,3,착과수,개,4.0
D농가,23,20240228,3,최종화방차수,차,2.0
D농가,23,20240228,4,초장,mm,243.0
D농가,23,20240228,4,엽장,mm,60.0
D농가,23,20240228,4,엽폭,mm,53.0
D농가,23,20240228,4,엽병장,mm,108.0
D농가,23,20240228,4,엽수,개,6.0
D농가,23,20240228,4,관부직경,mm,26.54
D농가,23,20240228,4,화방 꽃수(소화수),개,3.0
D농가,23,20240228,4,착과수,개,4.0
D농가,23,20240228,4,최종화방차수,차,2.0
D농가,23,20240228,5,초장,mm,333.0
D농가,23,20240228,5,엽장,mm,75.0
D농가,23,20240228,5,엽폭,mm,61.0
D농가,23,20240228,5,엽병장,mm,146.0
D농가,23,20240228,5,엽수,개,9.0
D농가,23,20240228,5,관부직경,mm,28.69
D농가,23,20240228,5,화방 꽃수(소화수),개,0.0
D농가,23,20240228,5,착과수,개,1.0
D농가,23,20240228,5,최종화방차수,차,2.0
D농가,23,20240228,6,초장,mm,285.0
D농가,23,20240228,6,엽장,mm,63.0
D농가,23,20240228,6,엽폭,mm,53.0
D농가,23,20240228,6,엽병장,mm,10.0
D농가,23,20240228,6,엽수,개,8.0
D농가,23,20240228,6,관부직경,mm,25.93
D농가,23,20240228,6,화방 꽃수(소화수),개,0.0
D농가,23,20240228,6,착과수,개,0.0
D농가,23,20240228,6,최종화방차수,차,0.0
D농가,23,20240228,7,초장,mm,277.0
D농가,23,20240228,7,엽장,mm,63.0
D농가,23,20240228,7,엽폭,mm,52.0
D농가,23,20240228,7,엽병장,mm,101.0
D농가,23,20240228,7,엽수,개,7.0
D농가,23,20240228,7,관부직경,mm,25.34
D농가,23,20240228,7,화방 꽃수(소화수),개,0.0
D농가,23,20240228,7,착과수,개,0.0
D농가,23,20240228,7,최종화방차수,차,0.0
D농가,23,20240228,8,초장,mm,303.0
D농가,23,20240228,8,엽장,mm,65.0
D농가,23,20240228,8,엽폭,mm,57.0
D농가,23,20240228,8,엽병장,mm,128.0
D농가,23,20240228,8,엽수,개,6.0
D농가,23,20240228,8,관부직경,mm,23.35
D농가,23,20240228,8,화방 꽃수(소화수),개,0.0
D농가,23,20240228,8,착과수,개,0.0
D농가,23,20240228,8,최종화방차수,차,0.0
D농가,23,20240228,9,초장,mm,341.0
D농가,23,20240228,9,엽장,mm,75.0
D농가,23,20240228,9,엽폭,mm,63.0
D농가,23,20240228,9,엽병장,mm,135.0
D농가,23,20240228,9,엽수,개,7.0
D농가,23,20240228,9,관부직경,mm,27.55
D농가,23,20240228,9,화방 꽃수(소화수),개,0.0
D농가,23,20240228,9,착과수,개,0.0
D농가,23,20240228,9,최종화방차수,차,0.0
D농가,24,20240307,1,초장,mm,280.0
D농가,24,20240307,1,엽장,mm,82.0
D농가,24,20240307,1,엽폭,mm,75.0
D농가,24,20240307,1,엽병장,mm,178.0
D농가,24,20240307,1,엽수,개,9.0
D농가,24,20240307,1,관부직경,mm,27.1
D농가,24,20240307,1,화방 꽃수(소화수),개,0.0
D농가,24,20240307,1,착과수,개,4.0
D농가,24,20240307,1,최종화방차수,차,2.0
D농가,24,20240307,2,초장,mm,310.0
D농가,24,20240307,2,엽장,mm,76.0
D농가,24,20240307,2,엽폭,mm,55.0
D농가,24,20240307,2,엽병장,mm,177.0
D농가,24,20240307,2,엽수,개,12.0
D농가,24,20240307,2,관부직경,mm,24.28
D농가,24,20240307,2,화방 꽃수(소화수),개,0.0
D농가,24,20240307,2,착과수,개,5.0
D농가,24,20240307,2,최종화방차수,차,2.0
D농가,24,20240307,3,초장,mm,277.0
D농가,24,20240307,3,엽장,mm,82.0
D농가,24,20240307,3,엽폭,mm,67.0
D농가,24,20240307,3,엽병장,mm,146.0
D농가,24,20240307,3,엽수,개,10.0
D농가,24,20240307,3,관부직경,mm,24.09
D농가,24,20240307,3,화방 꽃수(소화수),개,0.0
D농가,24,20240307,3,착과수,개,6.0
D농가,24,20240307,3,최종화방차수,차,2.0
D농가,24,20240307,4,초장,mm,233.0
D농가,24,20240307,4,엽장,mm,63.0
D농가,24,20240307,4,엽폭,mm,56.0
D농가,24,20240307,4,엽병장,mm,109.0
D농가,24,20240307,4,엽수,개,7.0
D농가,24,20240307,4,관부직경,mm,24.98
D농가,24,20240307,4,화방 꽃수(소화수),개,0.0
D농가,24,20240307,4,착과수,개,5.0
D농가,24,20240307,4,최종화방차수,차,2.0
D농가,24,20240307,5,초장,mm,309.0
D농가,24,20240307,5,엽장,mm,69.0
D농가,24,20240307,5,엽폭,mm,62.0
D농가,24,20240307,5,엽병장,mm,153.0
D농가,24,20240307,5,엽수,개,9.0
D농가,24,20240307,5,관부직경,mm,22.33
D농가,24,20240307,5,화방 꽃수(소화수),개,0.0
D농가,24,20240307,5,착과수,개,4.0
D농가,24,20240307,5,최종화방차수,차,2.0
D농가,24,20240307,6,초장,mm,288.0
D농가,24,20240307,6,엽장,mm,62.0
D농가,24,20240307,6,엽폭,mm,49.0
D농가,24,20240307,6,엽병장,mm,117.0
D농가,24,20240307,6,엽수,개,8.0
D농가,24,20240307,6,관부직경,mm,20.42
D농가,24,20240307,6,화방 꽃수(소화수),개,0.0
D농가,24,20240307,6,착과수,개,0.0
D농가,24,20240307,6,최종화방차수,차,2.0
D농가,24,20240307,7,초장,mm,222.0
D농가,24,20240307,7,엽장,mm,75.0
D농가,24,20240307,7,엽폭,mm,57.0
D농가,24,20240307,7,엽병장,mm,123.0
D농가,24,20240307,7,엽수,개,7.0
D농가,24,20240307,7,관부직경,mm,22.96
D농가,24,20240307,7,화방 꽃수(소화수),개,0.0
D농가,24,20240307,7,착과수,개,2.0
D농가,24,20240307,7,최종화방차수,차,2.0
D농가,24,20240307,8,초장,mm,207.0
D농가,24,20240307,8,엽장,mm,65.0
D농가,24,20240307,8,엽폭,mm,57.0
D농가,24,20240307,8,엽병장,mm,128.0
D농가,24,20240307,8,엽수,개,5.0
D농가,24,20240307,8,관부직경,mm,21.58
D농가,24,20240307,8,화방 꽃수(소화수),개,0.0
D농가,24,20240307,8,착과수,개,2.0
D농가,24,20240307,8,최종화방차수,차,2.0
D농가,24,20240307,9,초장,mm,246.0
D농가,24,20240307,9,엽장,mm,69.0
D농가,24,20240307,9,엽폭,mm,48.0
D농가,24,20240307,9,엽병장,mm,127.0
D농가,24,20240307,9,엽수,개,7.0
D농가,24,20240307,9,관부직경,mm,26.24
D농가,24,20240307,9,화방 꽃수(소화수),개,0.0
D농가,24,20240307,9,착과수,개,0.0
D농가,24,20240307,9,최종화방차수,차,2.0
D농가,25,20240314,1,초장,mm,287.0
D농가,25,20240314,1,엽장,mm,78.0
D농가,25,20240314,1,엽폭,mm,62.0
D농가,25,20240314,1,엽병장,mm,165.0
D농가,25,20240314,1,엽수,개,11.0
D농가,25,20240314,1,관부직경,mm,28.15
D농가,25,20240314,1,화방 꽃수(소화수),개,0.0
D농가,25,20240314,1,착과수,개,4.0
D농가,25,20240314,1,최종화방차수,차,3.0
D농가,25,20240314,2,초장,mm,285.0
D농가,25,20240314,2,엽장,mm,78.0
D농가,25,20240314,2,엽폭,mm,62.0
D농가,25,20240314,2,엽병장,mm,169.0
D농가,25,20240314,2,엽수,개,15.0
D농가,25,20240314,2,관부직경,mm,33.86
D농가,25,20240314,2,화방 꽃수(소화수),개,0.0
D농가,25,20240314,2,착과수,개,5.0
D농가,25,20240314,2,최종화방차수,차,3.0
D농가,25,20240314,3,초장,mm,272.0
D농가,25,20240314,3,엽장,mm,79.0
D농가,25,20240314,3,엽폭,mm,62.0
D농가,25,20240314,3,엽병장,mm,142.0
D농가,25,20240314,3,엽수,개,10.0
D농가,25,20240314,3,관부직경,mm,23.58
D농가,25,20240314,3,화방 꽃수(소화수),개,0.0
D농가,25,20240314,3,착과수,개,4.0
D농가,25,20240314,3,최종화방차수,차,3.0
D농가,25,20240314,4,초장,mm,242.0
D농가,25,20240314,4,엽장,mm,64.0
D농가,25,20240314,4,엽폭,mm,55.0
D농가,25,20240314,4,엽병장,mm,111.0
D농가,25,20240314,4,엽수,개,9.0
D농가,25,20240314,4,관부직경,mm,24.99
D농가,25,20240314,4,화방 꽃수(소화수),개,0.0
D농가,25,20240314,4,착과수,개,9.0
D농가,25,20240314,4,최종화방차수,차,3.0
D농가,25,20240314,5,초장,mm,280.0
D농가,25,20240314,5,엽장,mm,93.0
D농가,25,20240314,5,엽폭,mm,82.0
D농가,25,20240314,5,엽병장,mm,159.0
D농가,25,20240314,5,엽수,개,8.0
D농가,25,20240314,5,관부직경,mm,29.84
D농가,25,20240314,5,화방 꽃수(소화수),개,0.0
D농가,25,20240314,5,착과수,개,4.0
D농가,25,20240314,5,최종화방차수,차,3.0
D농가,25,20240314,6,초장,mm,269.0
D농가,25,20240314,6,엽장,mm,80.0
D농가,25,20240314,6,엽폭,mm,65.0
D농가,25,20240314,6,엽병장,mm,133.0
D농가,25,20240314,6,엽수,개,9.0
D농가,25,20240314,6,관부직경,mm,23.03
D농가,25,20240314,6,화방 꽃수(소화수),개,0.0
D농가,25,20240314,6,착과수,개,7.0
D농가,25,20240314,6,최종화방차수,차,3.0
D농가,25,20240314,7,초장,mm,216.0
D농가,25,20240314,7,엽장,mm,69.0
D농가,25,20240314,7,엽폭,mm,62.0
D농가,25,20240314,7,엽병장,mm,110.0
D농가,25,20240314,7,엽수,개,8.0
D농가,25,20240314,7,관부직경,mm,20.57
D농가,25,20240314,7,화방 꽃수(소화수),개,0.0
D농가,25,20240314,7,착과수,개,3.0
D농가,25,20240314,7,최종화방차수,차,3.0
D농가,25,20240314,8,초장,mm,213.0
D농가,25,20240314,8,엽장,mm,92.0
D농가,25,20240314,8,엽폭,mm,76.0
D농가,25,20240314,8,엽병장,mm,130.0
D농가,25,20240314,8,엽수,개,5.0
D농가,25,20240314,8,관부직경,mm,22.57
D농가,25,20240314,8,화방 꽃수(소화수),개,0.0
D농가,25,20240314,8,착과수,개,1.0
D농가,25,20240314,8,최종화방차수,차,3.0
D농가,25,20240314,9,초장,mm,287.0
D농가,25,20240314,9,엽장,mm,83.0
D농가,25,20240314,9,엽폭,mm,70.0
D농가,25,20240314,9,엽병장,mm,153.0
D농가,25,20240314,9,엽수,개,6.0
D농가,25,20240314,9,관부직경,mm,24.19
D농가,25,20240314,9,화방 꽃수(소화수),개,2.0
D농가,25,20240314,9,착과수,개,0.0
D농가,25,20240314,9,최종화방차수,차,3.0
D농가,26,20240321,1,초장,mm,311.0
D농가,26,20240321,1,엽장,mm,82.0
D농가,26,20240321,1,엽폭,mm,67.0
D농가,26,20240321,1,엽병장,mm,162.0
D농가,26,20240321,1,엽수,개,14.0
D농가,26,20240321,1,관부직경,mm,29.07
D농가,26,20240321,1,화방 꽃수(소화수),개,0.0
D농가,26,20240321,1,착과수,개,3.0
D농가,26,20240321,1,최종화방차수,차,3.0
D농가,26,20240321,2,초장,mm,310.0
D농가,26,20240321,2,엽장,mm,75.0
D농가,26,20240321,2,엽폭,mm,62.0
D농가,26,20240321,2,엽병장,mm,193.0
D농가,26,20240321,2,엽수,개,14.0
D농가,26,20240321,2,관부직경,mm,33.93
D농가,26,20240321,2,화방 꽃수(소화수),개,0.0
D농가,26,20240321,2,착과수,개,1.0
D농가,26,20240321,2,최종화방차수,차,3.0
D농가,26,20240321,3,초장,mm,317.0
D농가,26,20240321,3,엽장,mm,92.0
D농가,26,20240321,3,엽폭,mm,82.0
D농가,26,20240321,3,엽병장,mm,199.0
D농가,26,20240321,3,엽수,개,8.0
D농가,26,20240321,3,관부직경,mm,22.02
D농가,26,20240321,3,화방 꽃수(소화수),개,0.0
D농가,26,20240321,3,착과수,개,1.0
D농가,26,20240321,3,최종화방차수,차,3.0
D농가,26,20240321,4,초장,mm,228.0
D농가,26,20240321,4,엽장,mm,71.0
D농가,26,20240321,4,엽폭,mm,56.0
D농가,26,20240321,4,엽병장,mm,157.0
D농가,26,20240321,4,엽수,개,8.0
D농가,26,20240321,4,관부직경,mm,26.19
D농가,26,20240321,4,화방 꽃수(소화수),개,0.0
D농가,26,20240321,4,착과수,개,5.0
D농가,26,20240321,4,최종화방차수,차,3.0
D농가,26,20240321,5,초장,mm,297.0
D농가,26,20240321,5,엽장,mm,86.0
D농가,26,20240321,5,엽폭,mm,71.0
D농가,26,20240321,5,엽병장,mm,160.0
D농가,26,20240321,5,엽수,개,10.0
D농가,26,20240321,5,관부직경,mm,31.97
D농가,26,20240321,5,화방 꽃수(소화수),개,0.0
D농가,26,20240321,5,착과수,개,7.0
D농가,26,20240321,5,최종화방차수,차,3.0
D농가,26,20240321,6,초장,mm,295.0
D농가,26,20240321,6,엽장,mm,86.0
D농가,26,20240321,6,엽폭,mm,69.0
D농가,26,20240321,6,엽병장,mm,142.0
D농가,26,20240321,6,엽수,개,9.0
D농가,26,20240321,6,관부직경,mm,24.53
D농가,26,20240321,6,화방 꽃수(소화수),개,0.0
D농가,26,20240321,6,착과수,개,2.0
D농가,26,20240321,6,최종화방차수,차,3.0
D농가,26,20240321,7,초장,mm,223.0
D농가,26,20240321,7,엽장,mm,67.0
D농가,26,20240321,7,엽폭,mm,58.0
D농가,26,20240321,7,엽병장,mm,132.0
D농가,26,20240321,7,엽수,개,9.0
D농가,26,20240321,7,관부직경,mm,21.91
D농가,26,20240321,7,화방 꽃수(소화수),개,0.0
D농가,26,20240321,7,착과수,개,1.0
D농가,26,20240321,7,최종화방차수,차,3.0
D농가,26,20240321,8,초장,mm,257.0
D농가,26,20240321,8,엽장,mm,93.0
D농가,26,20240321,8,엽폭,mm,75.0
D농가,26,20240321,8,엽병장,mm,152.0
D농가,26,20240321,8,엽수,개,7.0
D농가,26,20240321,8,관부직경,mm,20.83
D농가,26,20240321,8,화방 꽃수(소화수),개,0.0
D농가,26,20240321,8,착과수,개,3.0
D농가,26,20240321,8,최종화방차수,차,3.0
D농가,26,20240321,9,초장,mm,323.0
D농가,26,20240321,9,엽장,mm,72.0
D농가,26,20240321,9,엽폭,mm,55.0
D농가,26,20240321,9,엽병장,mm,120.0
D농가,26,20240321,9,엽수,개,8.0
D농가,26,20240321,9,관부직경,mm,28.56
D농가,26,20240321,9,화방 꽃수(소화수),개,0.0
D농가,26,20240321,9,착과수,개,0.0
D농가,26,20240321,9,최종화방차수,차,3.0
D농가,27,20240328,1,초장,mm,355.0
D농가,27,20240328,1,엽장,mm,88.0
D농가,27,20240328,1,엽폭,mm,80.0
D농가,27,20240328,1,엽병장,mm,232.0
D농가,27,20240328,1,엽수,개,9.0
D농가,27,20240328,1,관부직경,mm,33.3
D농가,27,20240328,1,화방 꽃수(소화수),개,0.0
D농가,27,20240328,1,착과수,개,6.0
D농가,27,20240328,1,최종화방차수,차,3.0
D농가,27,20240328,2,초장,mm,377.0
D농가,27,20240328,2,엽장,mm,86.0
D농가,27,20240328,2,엽폭,mm,73.0
D농가,27,20240328,2,엽병장,mm,240.0
D농가,27,20240328,2,엽수,개,8.0
D농가,27,20240328,2,관부직경,mm,30.7
D농가,27,20240328,2,화방 꽃수(소화수),개,0.0
D농가,27,20240328,2,착과수,개,11.0
D농가,27,20240328,2,최종화방차수,차,3.0
D농가,27,20240328,3,초장,mm,345.0
D농가,27,20240328,3,엽장,mm,92.0
D농가,27,20240328,3,엽폭,mm,66.0
D농가,27,20240328,3,엽병장,mm,230.0
D농가,27,20240328,3,엽수,개,8.0
D농가,27,20240328,3,관부직경,mm,21.4
D농가,27,20240328,3,화방 꽃수(소화수),개,0.0
D농가,27,20240328,3,착과수,개,2.0
D농가,27,20240328,3,최종화방차수,차,3.0
D농가,27,20240328,4,초장,mm,246.0
D농가,27,20240328,4,엽장,mm,73.0
D농가,27,20240328,4,엽폭,mm,65.0
D농가,27,20240328,4,엽병장,mm,167.0
D농가,27,20240328,4,엽수,개,11.0
D농가,27,20240328,4,관부직경,mm,26.4
D농가,27,20240328,4,화방 꽃수(소화수),개,0.0
D농가,27,20240328,4,착과수,개,5.0
D농가,27,20240328,4,최종화방차수,차,3.0
D농가,27,20240328,5,초장,mm,285.0
D농가,27,20240328,5,엽장,mm,88.0
D농가,27,20240328,5,엽폭,mm,82.0
D농가,27,20240328,5,엽병장,mm,187.0
D농가,27,20240328,5,엽수,개,9.0
D농가,27,20240328,5,관부직경,mm,31.2
D농가,27,20240328,5,화방 꽃수(소화수),개,0.0
D농가,27,20240328,5,착과수,개,3.0
D농가,27,20240328,5,최종화방차수,차,3.0
D농가,27,20240328,6,초장,mm,286.0
D농가,27,20240328,6,엽장,mm,97.0
D농가,27,20240328,6,엽폭,mm,76.0
D농가,27,20240328,6,엽병장,mm,153.0
D농가,27,20240328,6,엽수,개,5.0
D농가,27,20240328,6,관부직경,mm,26.2
D농가,27,20240328,6,화방 꽃수(소화수),개,0.0
D농가,27,20240328,6,착과수,개,2.0
D농가,27,20240328,6,최종화방차수,차,3.0
D농가,27,20240328,7,초장,mm,245.0
D농가,27,20240328,7,엽장,mm,63.0
D농가,27,20240328,7,엽폭,mm,78.0
D농가,27,20240328,7,엽병장,mm,137.0
D농가,27,20240328,7,엽수,개,7.0
D농가,27,20240328,7,관부직경,mm,30.7
D농가,27,20240328,7,화방 꽃수(소화수),개,0.0
D농가,27,20240328,7,착과수,개,0.0
D농가,27,20240328,7,최종화방차수,차,3.0
D농가,27,20240328,8,초장,mm,317.0
D농가,27,20240328,8,엽장,mm,94.0
D농가,27,20240328,8,엽폭,mm,84.0
D농가,27,20240328,8,엽병장,mm,189.0
D농가,27,20240328,8,엽수,개,6.0
D농가,27,20240328,8,관부직경,mm,30.9
D농가,27,20240328,8,화방 꽃수(소화수),개,0.0
D농가,27,20240328,8,착과수,개,3.0
D농가,27,20240328,8,최종화방차수,차,3.0
D농가,27,20240328,9,초장,mm,362.0
D농가,27,20240328,9,엽장,mm,80.0
D농가,27,20240328,9,엽폭,mm,61.0
D농가,27,20240328,9,엽병장,mm,202.0
D농가,27,20240328,9,엽수,개,7.0
D농가,27,20240328,9,관부직경,mm,33.7
D농가,27,20240328,9,화방 꽃수(소화수),개,0.0
D농가,27,20240328,9,착과수,개,2.0
D농가,27,20240328,9,최종화방차수,차,3.0
D농가,28,20240404,1,초장,mm,373.0
D농가,28,20240404,1,엽장,mm,92.0
D농가,28,20240404,1,엽폭,mm,73.0
D농가,28,20240404,1,엽병장,mm,219.0
D농가,28,20240404,1,엽수,개,12.0
D농가,28,20240404,1,관부직경,mm,28.85
D농가,28,20240404,1,화방 꽃수(소화수),개,0.0
D농가,28,20240404,1,착과수,개,5.0
D농가,28,20240404,1,최종화방차수,차,3.0
D농가,28,20240404,2,초장,mm,400.0
D농가,28,20240404,2,엽장,mm,95.0
D농가,28,20240404,2,엽폭,mm,81.0
D농가,28,20240404,2,엽병장,mm,228.0
D농가,28,20240404,2,엽수,개,11.0
D농가,28,20240404,2,관부직경,mm,29.26
D농가,28,20240404,2,화방 꽃수(소화수),개,0.0
D농가,28,20240404,2,착과수,개,11.0
D농가,28,20240404,2,최종화방차수,차,3.0
D농가,28,20240404,3,초장,mm,357.0
D농가,28,20240404,3,엽장,mm,103.0
D농가,28,20240404,3,엽폭,mm,78.0
D농가,28,20240404,3,엽병장,mm,222.0
D농가,28,20240404,3,엽수,개,9.0
D농가,28,20240404,3,관부직경,mm,28.64
D농가,28,20240404,3,화방 꽃수(소화수),개,0.0
D농가,28,20240404,3,착과수,개,0.0
D농가,28,20240404,3,최종화방차수,차,3.0
D농가,28,20240404,4,초장,mm,241.0
D농가,28,20240404,4,엽장,mm,73.0
D농가,28,20240404,4,엽폭,mm,66.0
D농가,28,20240404,4,엽병장,mm,173.0
D농가,28,20240404,4,엽수,개,9.0
D농가,28,20240404,4,관부직경,mm,24.13
D농가,28,20240404,4,화방 꽃수(소화수),개,0.0
D농가,28,20240404,4,착과수,개,4.0
D농가,28,20240404,4,최종화방차수,차,3.0
D농가,28,20240404,5,초장,mm,318.0
D농가,28,20240404,5,엽장,mm,81.0
D농가,28,20240404,5,엽폭,mm,77.0
D농가,28,20240404,5,엽병장,mm,192.0
D농가,28,20240404,5,엽수,개,11.0
D농가,28,20240404,5,관부직경,mm,26.77
D농가,28,20240404,5,화방 꽃수(소화수),개,0.0
D농가,28,20240404,5,착과수,개,2.0
D농가,28,20240404,5,최종화방차수,차,3.0
D농가,28,20240404,6,초장,mm,298.0
D농가,28,20240404,6,엽장,mm,100.0
D농가,28,20240404,6,엽폭,mm,77.0
D농가,28,20240404,6,엽병장,mm,163.0
D농가,28,20240404,6,엽수,개,5.0
D농가,28,20240404,6,관부직경,mm,22.26
D농가,28,20240404,6,화방 꽃수(소화수),개,0.0
D농가,28,20240404,6,착과수,개,0.0
D농가,28,20240404,6,최종화방차수,차,3.0
D농가,28,20240404,7,초장,mm,282.0
D농가,28,20240404,7,엽장,mm,98.0
D농가,28,20240404,7,엽폭,mm,81.0
D농가,28,20240404,7,엽병장,mm,145.0
D농가,28,20240404,7,엽수,개,9.0
D농가,28,20240404,7,관부직경,mm,34.05
D농가,28,20240404,7,화방 꽃수(소화수),개,0.0
D농가,28,20240404,7,착과수,개,3.0
D농가,28,20240404,7,최종화방차수,차,3.0
D농가,28,20240404,8,초장,mm,322.0
D농가,28,20240404,8,엽장,mm,95.0
D농가,28,20240404,8,엽폭,mm,82.0
D농가,28,20240404,8,엽병장,mm,163.0
D농가,28,20240404,8,엽수,개,6.0
D농가,28,20240404,8,관부직경,mm,26.34
D농가,28,20240404,8,화방 꽃수(소화수),개,0.0
D농가,28,20240404,8,착과수,개,2.0
D농가,28,20240404,8,최종화방차수,차,3.0
D농가,28,20240404,9,초장,mm,368.0
D농가,28,20240404,9,엽장,mm,88.0
D농가,28,20240404,9,엽폭,mm,68.0
D농가,28,20240404,9,엽병장,mm,183.0
D농가,28,20240404,9,엽수,개,8.0
D농가,28,20240404,9,관부직경,mm,32.81
D농가,28,20240404,9,화방 꽃수(소화수),개,0.0
D농가,28,20240404,9,착과수,개,0.0
D농가,28,20240404,9,최종화방차수,차,3.0
D농가,29,20240412,1,초장,mm,381.0
D농가,29,20240412,1,엽장,mm,95.0
D농가,29,20240412,1,엽폭,mm,71.0
D농가,29,20240412,1,엽병장,mm,235.0
D농가,29,20240412,1,엽수,개,7.0
D농가,29,20240412,1,관부직경,mm,26.07
D농가,29,20240412,1,화방 꽃수(소화수),개,0.0
D농가,29,20240412,1,착과수,개,5.0
D농가,29,20240412,1,최종화방차수,차,3.0
D농가,29,20240412,2,초장,mm,405.0
D농가,29,20240412,2,엽장,mm,91.0
D농가,29,20240412,2,엽폭,mm,65.0
D농가,29,20240412,2,엽병장,mm,215.0
D농가,29,20240412,2,엽수,개,10.0
D농가,29,20240412,2,관부직경,mm,23.01
D농가,29,20240412,2,화방 꽃수(소화수),개,0.0
D농가,29,20240412,2,착과수,개,6.0
D농가,29,20240412,2,최종화방차수,차,3.0
D농가,29,20240412,3,초장,mm,366.0
D농가,29,20240412,3,엽장,mm,103.0
D농가,29,20240412,3,엽폭,mm,91.0
D농가,29,20240412,3,엽병장,mm,212.0
D농가,29,20240412,3,엽수,개,6.0
D농가,29,20240412,3,관부직경,mm,22.76
D농가,29,20240412,3,화방 꽃수(소화수),개,0.0
D농가,29,20240412,3,착과수,개,0.0
D농가,29,20240412,3,최종화방차수,차,3.0
D농가,29,20240412,4,초장,mm,245.0
D농가,29,20240412,4,엽장,mm,75.0
D농가,29,20240412,4,엽폭,mm,81.0
D농가,29,20240412,4,엽병장,mm,182.0
D농가,29,20240412,4,엽수,개,6.0
D농가,29,20240412,4,관부직경,mm,30.43
D농가,29,20240412,4,화방 꽃수(소화수),개,0.0
D농가,29,20240412,4,착과수,개,3.0
D농가,29,20240412,4,최종화방차수,차,3.0
D농가,29,20240412,5,초장,mm,346.0
D농가,29,20240412,5,엽장,mm,72.0
D농가,29,20240412,5,엽폭,mm,58.0
D농가,29,20240412,5,엽병장,mm,185.0
D농가,29,20240412,5,엽수,개,9.0
D농가,29,20240412,5,관부직경,mm,28.93
D농가,29,20240412,5,화방 꽃수(소화수),개,0.0
D농가,29,20240412,5,착과수,개,3.0
D농가,29,20240412,5,최종화방차수,차,3.0
D농가,29,20240412,6,초장,mm,346.0
D농가,29,20240412,6,엽장,mm,105.0
D농가,29,20240412,6,엽폭,mm,82.0
D농가,29,20240412,6,엽병장,mm,193.0
D농가,29,20240412,6,엽수,개,7.0
D농가,29,20240412,6,관부직경,mm,20.84
D농가,29,20240412,6,화방 꽃수(소화수),개,0.0
D농가,29,20240412,6,착과수,개,0.0
D농가,29,20240412,6,최종화방차수,차,3.0
D농가,29,20240412,7,초장,mm,337.0
D농가,29,20240412,7,엽장,mm,92.0
D농가,29,20240412,7,엽폭,mm,89.0
D농가,29,20240412,7,엽병장,mm,212.0
D농가,29,20240412,7,엽수,개,10.0
D농가,29,20240412,7,관부직경,mm,32.6
D농가,29,20240412,7,화방 꽃수(소화수),개,0.0
D농가,29,20240412,7,착과수,개,4.0
D농가,29,20240412,7,최종화방차수,차,3.0
D농가,29,20240412,8,초장,mm,364.0
D농가,29,20240412,8,엽장,mm,98.0
D농가,29,20240412,8,엽폭,mm,77.0
D농가,29,20240412,8,엽병장,mm,230.0
D농가,29,20240412,8,엽수,개,7.0
D농가,29,20240412,8,관부직경,mm,24.63
D농가,29,20240412,8,화방 꽃수(소화수),개,0.0
D농가,29,20240412,8,착과수,개,0.0
D농가,29,20240412,8,최종화방차수,차,3.0
D농가,29,20240412,9,초장,mm,371.0
D농가,29,20240412,9,엽장,mm,89.0
D농가,29,20240412,9,엽폭,mm,76.0
D농가,29,20240412,9,엽병장,mm,230.0
D농가,29,20240412,9,엽수,개,10.0
D농가,29,20240412,9,관부직경,mm,31.25
D농가,29,20240412,9,화방 꽃수(소화수),개,0.0
D농가,29,20240412,9,착과수,개,2.0
D농가,29,20240412,9,최종화방차수,차,3.0
D농가,30,20240417,1,초장,mm,376.0
D농가,30,20240417,1,엽장,mm,100.0
D농가,30,20240417,1,엽폭,mm,75.0
D농가,30,20240417,1,엽병장,mm,202.0
D농가,30,20240417,1,엽수,개,8.0
D농가,30,20240417,1,관부직경,mm,27.29
D농가,30,20240417,1,화방 꽃수(소화수),개,0.0
D농가,30,20240417,1,착과수,개,3.0
D농가,30,20240417,1,최종화방차수,차,3.0
D농가,30,20240417,2,초장,mm,400.0
D농가,30,20240417,2,엽장,mm,90.0
D농가,30,20240417,2,엽폭,mm,69.0
D농가,30,20240417,2,엽병장,mm,215.0
D농가,30,20240417,2,엽수,개,9.0
D농가,30,20240417,2,관부직경,mm,28.15
D농가,30,20240417,2,화방 꽃수(소화수),개,0.0
D농가,30,20240417,2,착과수,개,0.0
D농가,30,20240417,2,최종화방차수,차,3.0
D농가,30,20240417,3,초장,mm,321.0
D농가,30,20240417,3,엽장,mm,102.0
D농가,30,20240417,3,엽폭,mm,75.0
D농가,30,20240417,3,엽병장,mm,221.0
D농가,30,20240417,3,엽수,개,7.0
D농가,30,20240417,3,관부직경,mm,21.39
D농가,30,20240417,3,화방 꽃수(소화수),개,0.0
D농가,30,20240417,3,착과수,개,0.0
D농가,30,20240417,3,최종화방차수,차,3.0
D농가,30,20240417,4,초장,mm,255.0
D농가,30,20240417,4,엽장,mm,82.0
D농가,30,20240417,4,엽폭,mm,82.0
D농가,30,20240417,4,엽병장,mm,162.0
D농가,30,20240417,4,엽수,개,5.0
D농가,30,20240417,4,관부직경,mm,22.49
D농가,30,20240417,4,화방 꽃수(소화수),개,0.0
D농가,30,20240417,4,착과수,개,0.0
D농가,30,20240417,4,최종화방차수,차,3.0
D농가,30,20240417,5,초장,mm,348.0
D농가,30,20240417,5,엽장,mm,90.0
D농가,30,20240417,5,엽폭,mm,81.0
D농가,30,20240417,5,엽병장,mm,180.0
D농가,30,20240417,5,엽수,개,8.0
D농가,30,20240417,5,관부직경,mm,34.79
D농가,30,20240417,5,화방 꽃수(소화수),개,0.0
D농가,30,20240417,5,착과수,개,4.0
D농가,30,20240417,5,최종화방차수,차,3.0
D농가,30,20240417,6,초장,mm,342.0
D농가,30,20240417,6,엽장,mm,104.0
D농가,30,20240417,6,엽폭,mm,84.0
D농가,30,20240417,6,엽병장,mm,190.0
D농가,30,20240417,6,엽수,개,7.0
D농가,30,20240417,6,관부직경,mm,27.74
D농가,30,20240417,6,화방 꽃수(소화수),개,0.0
D농가,30,20240417,6,착과수,개,0.0
D농가,30,20240417,6,최종화방차수,차,3.0
D농가,30,20240417,7,초장,mm,342.0
D농가,30,20240417,7,엽장,mm,92.0
D농가,30,20240417,7,엽폭,mm,88.0
D농가,30,20240417,7,엽병장,mm,217.0
D농가,30,20240417,7,엽수,개,8.0
D농가,30,20240417,7,관부직경,mm,30.32
D농가,30,20240417,7,화방 꽃수(소화수),개,0.0
D농가,30,20240417,7,착과수,개,2.0
D농가,30,20240417,7,최종화방차수,차,3.0
D농가,30,20240417,8,초장,mm,367.0
D농가,30,20240417,8,엽장,mm,86.0
D농가,30,20240417,8,엽폭,mm,72.0
D농가,30,20240417,8,엽병장,mm,217.0
D농가,30,20240417,8,엽수,개,6.0
D농가,30,20240417,8,관부직경,mm,29.5
D농가,30,20240417,8,화방 꽃수(소화수),개,0.0
D농가,30,20240417,8,착과수,개,0.0
D농가,30,20240417,8,최종화방차수,차,3.0
D농가,30,20240417,9,초장,mm,390.0
D농가,30,20240417,9,엽장,mm,79.0
D농가,30,20240417,9,엽폭,mm,70.0
D농가,30,20240417,9,엽병장,mm,133.0
D농가,30,20240417,9,엽수,개,7.0
D농가,30,20240417,9,관부직경,mm,29.08
D농가,30,20240417,9,화방 꽃수(소화수),개,0.0
D농가,30,20240417,9,착과수,개,1.0
D농가,30,20240417,9,최종화방차수,차,3.0
D농가,31,20240424,1,초장,mm,385.0
D농가,31,20240424,1,엽장,mm,103.0
D농가,31,20240424,1,엽폭,mm,82.0
D농가,31,20240424,1,엽병장,mm,247.0
D농가,31,20240424,1,엽수,개,10.0
D농가,31,20240424,1,관부직경,mm,24.3
D농가,31,20240424,1,화방 꽃수(소화수),개,0.0
D농가,31,20240424,1,착과수,개,1.0
D농가,31,20240424,1,최종화방차수,차,3.0
D농가,31,20240424,2,초장,mm,397.0
D농가,31,20240424,2,엽장,mm,95.0
D농가,31,20240424,2,엽폭,mm,74.0
D농가,31,20240424,2,엽병장,mm,204.0
D농가,31,20240424,2,엽수,개,10.0
D농가,31,20240424,2,관부직경,mm,29.66
D농가,31,20240424,2,화방 꽃수(소화수),개,0.0
D농가,31,20240424,2,착과수,개,0.0
D농가,31,20240424,2,최종화방차수,차,3.0
D농가,31,20240424,3,초장,mm,352.0
D농가,31,20240424,3,엽장,mm,113.0
D농가,31,20240424,3,엽폭,mm,82.0
D농가,31,20240424,3,엽병장,mm,222.0
D농가,31,20240424,3,엽수,개,9.0
D농가,31,20240424,3,관부직경,mm,21.55
D농가,31,20240424,3,화방 꽃수(소화수),개,0.0
D농가,31,20240424,3,착과수,개,2.0
D농가,31,20240424,3,최종화방차수,차,3.0
D농가,31,20240424,4,초장,mm,262.0
D농가,31,20240424,4,엽장,mm,80.0
D농가,31,20240424,4,엽폭,mm,65.0
D농가,31,20240424,4,엽병장,mm,155.0
D농가,31,20240424,4,엽수,개,6.0
D농가,31,20240424,4,관부직경,mm,25.18
D농가,31,20240424,4,화방 꽃수(소화수),개,0.0
D농가,31,20240424,4,착과수,개,0.0
D농가,31,20240424,4,최종화방차수,차,3.0
D농가,31,20240424,5,초장,mm,360.0
D농가,31,20240424,5,엽장,mm,95.0
D농가,31,20240424,5,엽폭,mm,80.0
D농가,31,20240424,5,엽병장,mm,197.0
D농가,31,20240424,5,엽수,개,12.0
D농가,31,20240424,5,관부직경,mm,34.37
D농가,31,20240424,5,화방 꽃수(소화수),개,0.0
D농가,31,20240424,5,착과수,개,0.0
D농가,31,20240424,5,최종화방차수,차,3.0
D농가,31,20240424,6,초장,mm,346.0
D농가,31,20240424,6,엽장,mm,92.0
D농가,31,20240424,6,엽폭,mm,71.0
D농가,31,20240424,6,엽병장,mm,182.0
D농가,31,20240424,6,엽수,개,8.0
D농가,31,20240424,6,관부직경,mm,25.93
D농가,31,20240424,6,화방 꽃수(소화수),개,0.0
D농가,31,20240424,6,착과수,개,0.0
D농가,31,20240424,6,최종화방차수,차,3.0
D농가,31,20240424,7,초장,mm,355.0
D농가,31,20240424,7,엽장,mm,78.0
D농가,31,20240424,7,엽폭,mm,62.0
D농가,31,20240424,7,엽병장,mm,215.0
D농가,31,20240424,7,엽수,개,9.0
D농가,31,20240424,7,관부직경,mm,26.74
D농가,31,20240424,7,화방 꽃수(소화수),개,0.0
D농가,31,20240424,7,착과수,개,0.0
D농가,31,20240424,7,최종화방차수,차,3.0
D농가,31,20240424,8,초장,mm,367.0
D농가,31,20240424,8,엽장,mm,99.0
D농가,31,20240424,8,엽폭,mm,75.0
D농가,31,20240424,8,엽병장,mm,240.0
D농가,31,20240424,8,엽수,개,8.0
D농가,31,20240424,8,관부직경,mm,27.98
D농가,31,20240424,8,화방 꽃수(소화수),개,0.0
D농가,31,20240424,8,착과수,개,1.0
D농가,31,20240424,8,최종화방차수,차,3.0
D농가,31,20240424,9,초장,mm,386.0
D농가,31,20240424,9,엽장,mm,98.0
D농가,31,20240424,9,엽폭,mm,72.0
D농가,31,20240424,9,엽병장,mm,250.0
D농가,31,20240424,9,엽수,개,7.0
D농가,31,20240424,9,관부직경,mm,27.44
D농가,31,20240424,9,화방 꽃수(소화수),개,0.0
D농가,31,20240424,9,착과수,개,0.0
D농가,31,20240424,9,최종화방차수,차,3.0
